team_a,team_b,baseline_prob_a_wins
Duke,Michigan,0.5156685298281802
Duke,Arizona,0.5892349117510404
Duke,Florida,0.5515400918341677
Duke,Houston,0.59031438216509
Duke,Gonzaga,0.8154425939823194
Duke,Iowa St.,0.6411635358055748
Duke,Illinois,0.5773310115843406
Duke,Purdue,0.6746240860632179
Duke,UConn,0.7774408951172873
Duke,Michigan St.,0.7964373519306712
Duke,Virginia,0.8170530771452388
Duke,Nebraska,0.857732511106345
Duke,Vanderbilt,0.7792588118650001
Duke,Louisville,0.7941334619181879
Duke,Arkansas,0.8488574044388466
Duke,Alabama,0.830089428406665
Duke,Texas Tech,0.7561075934695577
Duke,Tennessee,0.7637773250384038
Duke,Kansas,0.8420835673410196
Duke,BYU,0.9144682612852433
Duke,North Carolina,0.8961715290736696
Duke,Wisconsin,0.833095884635961
Duke,Iowa,0.857067510556368
Duke,Utah St.,0.9053090349909986
Duke,Kentucky,0.9000403469228907
Duke,Saint Louis,0.9362047423996709
Duke,Ohio St.,0.8384113838343923
Duke,UCLA,0.8651424591167809
Duke,Miami (FL),0.9186517842548384
Duke,Georgia,0.9198459298819784
Duke,Clemson,0.898147488625171
Duke,Villanova,0.9171994014213574
Duke,SMU,0.9978994715428838
Duke,TCU,0.9460935746840746
Duke,Auburn,0.876097360112302
Duke,Santa Clara,0.8928062307735997
Duke,Indiana,0.893746743635155
Duke,Texas,0.9407350601421086
Duke,Texas A&M,0.9154351772707375
Duke,VCU,0.9466042892794844
Duke,San Diego St.,0.9570984096711632
Duke,New Mexico,0.9548864518686717
Duke,Oklahoma,0.9084167616155624
Duke,Cincinnati,0.8654347105419135
Duke,Tulsa,0.9636704436260211
Duke,Baylor,0.9188899142977988
Duke,UCF,0.956160282284328
Duke,Akron,0.973477878355783
Duke,Seton Hall,0.9616703711128717
Duke,Virginia Tech,0.9454753201397736
Duke,Washington,0.9267938167790313
Duke,Missouri,0.927739931000513
Duke,West Virginia,0.9518467040768368
Duke,Boise St.,0.9408171684003862
Duke,Stanford,0.9532961345915894
Duke,Florida St.,0.9345608768383554
Duke,Belmont,0.9734612306373852
Duke,Miami (OH),0.9795239876537442
Duke,Northwestern,0.9411264763060931
Duke,Yale,0.9795743911336622
Duke,Wake Forest,0.9522476653910367
Duke,California,0.9660589897539343
Michigan,Arizona,0.5744923058327404
Michigan,Florida,0.5362945685162002
Michigan,Houston,0.5840490397215695
Michigan,Gonzaga,0.8050679375334067
Michigan,Iowa St.,0.629687351416835
Michigan,Illinois,0.5678601171318508
Michigan,Purdue,0.667945624695452
Michigan,UConn,0.7711999407104485
Michigan,Michigan St.,0.7896539273659362
Michigan,Virginia,0.8102476619800573
Michigan,Nebraska,0.8513973121148143
Michigan,Vanderbilt,0.7691018566462283
Michigan,Louisville,0.7834632501202946
Michigan,Arkansas,0.8399551752719987
Michigan,Alabama,0.8195258085868999
Michigan,Texas Tech,0.7481756119981618
Michigan,Tennessee,0.7567182588660498
Michigan,Kansas,0.8355311072504912
Michigan,BYU,0.9094704532384028
Michigan,North Carolina,0.8907607656863086
Michigan,Wisconsin,0.8250751866481226
Michigan,Iowa,0.8532736446116512
Michigan,Utah St.,0.9000015136799899
Michigan,Kentucky,0.8948367732871254
Michigan,Saint Louis,0.9303290957284159
Michigan,Ohio St.,0.8322633778615067
Michigan,UCLA,0.8606846927510993
Michigan,Miami (FL),0.9138339916676947
Michigan,Georgia,0.9137593375127067
Michigan,Clemson,0.894489726260717
Michigan,Villanova,0.9140486236523825
Michigan,SMU,0.9980611234343645
Michigan,TCU,0.9429658136081279
Michigan,Auburn,0.8692704136080304
Michigan,Santa Clara,0.885698376029561
Michigan,Indiana,0.8896853891998733
Michigan,Texas,0.9382248616429151
Michigan,Texas A&M,0.9093650464837794
Michigan,VCU,0.942497837230319
Michigan,San Diego St.,0.9552532414548996
Michigan,New Mexico,0.9516402420987787
Michigan,Oklahoma,0.9048139913996607
Michigan,Cincinnati,0.8586872433259022
Michigan,Tulsa,0.9607460131345177
Michigan,Baylor,0.914696472074377
Michigan,UCF,0.9533933005212285
Michigan,Akron,0.9706040927929086
Michigan,Seton Hall,0.9602339921533641
Michigan,Virginia Tech,0.9426587856673085
Michigan,Washington,0.9232883216746105
Michigan,Missouri,0.9241022043843504
Michigan,West Virginia,0.9503759558339994
Michigan,Boise St.,0.9379531691589108
Michigan,Stanford,0.9509134929654006
Michigan,Florida St.,0.9300318128813697
Michigan,Belmont,0.9710722994651557
Michigan,Miami (OH),0.9767433931948151
Michigan,Northwestern,0.938839470781168
Michigan,Yale,0.9779779129089607
Michigan,Wake Forest,0.9494800132005459
Michigan,California,0.9639391995776623
Arizona,Florida,0.4612118656802744
Arizona,Houston,0.5077584128002788
Arizona,Gonzaga,0.7551086634689046
Arizona,Iowa St.,0.5572352201334478
Arizona,Illinois,0.49354093775148317
Arizona,Purdue,0.5980329347607642
Arizona,UConn,0.7131530181048692
Arizona,Michigan St.,0.7347000818878081
Arizona,Virginia,0.759902148211688
Arizona,Nebraska,0.8088148415293615
Arizona,Vanderbilt,0.712629631292466
Arizona,Louisville,0.729401244609431
Arizona,Arkansas,0.7967747293352322
Arizona,Alabama,0.7722999706826
Arizona,Texas Tech,0.6872980924928943
Arizona,Tennessee,0.6963122423743338
Arizona,Kansas,0.7886747326749173
Arizona,BYU,0.8822083293409059
Arizona,North Carolina,0.8584421056462846
Arizona,Wisconsin,0.778452638240593
Arizona,Iowa,0.8114722316207044
Arizona,Utah St.,0.870853138015446
Arizona,Kentucky,0.8631989405505208
Arizona,Saint Louis,0.9106952377164229
Arizona,Ohio St.,0.7865228654745705
Arizona,UCLA,0.8208407837526266
Arizona,Miami (FL),0.8881402249596176
Arizona,Georgia,0.8885865979913915
Arizona,Clemson,0.8622502366767454
Arizona,Villanova,0.8872639878868864
Arizona,SMU,0.997010906615192
Arizona,TCU,0.9247300536413491
Arizona,Auburn,0.8333470512725343
Arizona,Santa Clara,0.8539798486706474
Arizona,Indiana,0.8563004060305229
Arizona,Texas,0.9182889202780367
Arizona,Texas A&M,0.8825764462526501
Arizona,VCU,0.9254663372149757
Arizona,San Diego St.,0.9393827056759466
Arizona,New Mexico,0.9364102918470846
Arizona,Oklahoma,0.8758327869497964
Arizona,Cincinnati,0.8175158541228805
Arizona,Tulsa,0.949271702491379
Arizona,Baylor,0.8888044437914819
Arizona,UCF,0.9385370962225341
Arizona,Akron,0.9623590058087208
Arizona,Seton Hall,0.9462789459464125
Arizona,Virginia Tech,0.9242324033185056
Arizona,Washington,0.8990013104476645
Arizona,Missouri,0.9007786383610594
Arizona,West Virginia,0.9335294196374834
Arizona,Boise St.,0.9184184321637554
Arizona,Stanford,0.9349178556356296
Arizona,Florida St.,0.9085512903380908
Arizona,Belmont,0.962617210904425
Arizona,Miami (OH),0.9709248037391781
Arizona,Northwestern,0.9189128529778998
Arizona,Yale,0.9716052853557414
Arizona,Wake Forest,0.933249913720959
Arizona,California,0.9521584722928939
Florida,Houston,0.5468253051148828
Florida,Gonzaga,0.7819421463737146
Florida,Iowa St.,0.5949582792456021
Florida,Illinois,0.534463469364738
Florida,Purdue,0.6372126110651489
Florida,UConn,0.7441097779168896
Florida,Michigan St.,0.7643806570656033
Florida,Virginia,0.7871644710408663
Florida,Nebraska,0.8312084176254158
Florida,Vanderbilt,0.7444433358963897
Florida,Louisville,0.759875215827054
Florida,Arkansas,0.821834378456912
Florida,Alabama,0.7999311927517898
Florida,Texas Tech,0.7212464151904064
Florida,Tennessee,0.7289315248920126
Florida,Kansas,0.8134184125525327
Florida,BYU,0.8982732389717317
Florida,North Carolina,0.8767540020162299
Florida,Wisconsin,0.8053839812275598
Florida,Iowa,0.8359148575485419
Florida,Utah St.,0.8878944378739664
Florida,Kentucky,0.8812063093859588
Florida,Saint Louis,0.9228246905808153
Florida,Ohio St.,0.8132098955524927
Florida,UCLA,0.8438766483864628
Florida,Miami (FL),0.9030391387922069
Florida,Georgia,0.9039496690822519
Florida,Clemson,0.8799998959897376
Florida,Villanova,0.9024163373394304
Florida,SMU,0.9894719442386432
Florida,TCU,0.9351262489609635
Florida,Auburn,0.8697204292330101
Florida,Santa Clara,0.8734936486641269
Florida,Indiana,0.8686566973697377
Florida,Texas,0.9218866361901629
Florida,Texas A&M,0.8988288343669353
Florida,VCU,0.9361811091706931
Florida,San Diego St.,0.9343775652005583
Florida,New Mexico,0.9419187555757167
Florida,Oklahoma,0.887761375953311
Florida,Cincinnati,0.8367016957736985
Florida,Tulsa,0.9551102772579276
Florida,Baylor,0.9027444326518012
Florida,UCF,0.9475248755335802
Florida,Akron,0.9636540888595712
Florida,Seton Hall,0.9493021511801408
Florida,Virginia Tech,0.9327272157728139
Florida,Washington,0.911603840966881
Florida,Missouri,0.915372466434098
Florida,West Virginia,0.941385821305696
Florida,Boise St.,0.9285537221565353
Florida,Stanford,0.9423481472194374
Florida,Florida St.,0.9196688584635926
Florida,Belmont,0.9664660102163194
Florida,Miami (OH),0.974726148902989
Florida,Northwestern,0.9294023685128258
Florida,Yale,0.9745437478315502
Florida,Wake Forest,0.9419041976098504
Florida,California,0.9570607609805823
Houston,Gonzaga,0.7558412714991879
Houston,Iowa St.,0.5554998717308769
Houston,Illinois,0.4925554428142618
Houston,Purdue,0.595564864219309
Houston,UConn,0.7086331775341862
Houston,Michigan St.,0.7323758351595631
Houston,Virginia,0.7572120011842502
Houston,Nebraska,0.8067365993558059
Houston,Vanderbilt,0.7155329491247155
Houston,Louisville,0.7326519446258968
Houston,Arkansas,0.8012575373920805
Houston,Alabama,0.7793030540460044
Houston,Texas Tech,0.6866631792804611
Houston,Tennessee,0.6928500160297438
Houston,Kansas,0.7874257244769614
Houston,BYU,0.8843330108039859
Houston,North Carolina,0.8589575412038399
Houston,Wisconsin,0.7808663092386282
Houston,Iowa,0.8081612479078182
Houston,Utah St.,0.8715420217086989
Houston,Kentucky,0.8639451020875282
Houston,Saint Louis,0.9131996009913635
Houston,Ohio St.,0.7864868151558967
Houston,UCLA,0.8191066680995727
Houston,Miami (FL),0.8887737031698173
Houston,Georgia,0.8922382828938551
Houston,Clemson,0.8593160566835899
Houston,Villanova,0.8856654027949916
Houston,SMU,0.9892100743346092
Houston,TCU,0.924686762482679
Houston,Auburn,0.8490932962938235
Houston,Santa Clara,0.8569691185438171
Houston,Indiana,0.8490580003514093
Houston,Texas,0.9105210355421866
Houston,Texas A&M,0.885688192185946
Houston,VCU,0.9269642352448494
Houston,San Diego St.,0.9257203731612411
Houston,New Mexico,0.9340200276965508
Houston,Oklahoma,0.8706868670998618
Houston,Cincinnati,0.8135938976064222
Houston,Tulsa,0.9486142351478029
Houston,Baylor,0.8883633605807111
Houston,UCF,0.9395855007892739
Houston,Akron,0.9595524784041335
Houston,Seton Hall,0.940329988998561
Houston,Virginia Tech,0.9220646192491784
Houston,Washington,0.8975100233429857
Houston,Missouri,0.9015188476288313
Houston,West Virginia,0.9294646017217062
Houston,Boise St.,0.9165784475519576
Houston,Stanford,0.9329878997718113
Houston,Florida St.,0.9089381221450592
Houston,Belmont,0.9619186924872901
Houston,Miami (OH),0.9716922527518514
Houston,Northwestern,0.9168599857636693
Houston,Yale,0.9703649988887451
Houston,Wake Forest,0.9328951980042491
Houston,California,0.9503361288894139
Gonzaga,Iowa St.,0.28904753757448165
Gonzaga,Illinois,0.24548421480238772
Gonzaga,Purdue,0.33163988308435666
Gonzaga,UConn,0.44449484320319893
Gonzaga,Michigan St.,0.4709980003552463
Gonzaga,Virginia,0.5061113261801409
Gonzaga,Nebraska,0.5715295488101136
Gonzaga,Vanderbilt,0.4508290515457216
Gonzaga,Louisville,0.46941089862379665
Gonzaga,Arkansas,0.566235175022828
Gonzaga,Alabama,0.5310177821616171
Gonzaga,Texas Tech,0.4184259669629758
Gonzaga,Tennessee,0.4237198407196677
Gonzaga,Kansas,0.5387220558949887
Gonzaga,BYU,0.712020072271597
Gonzaga,North Carolina,0.6635730368227359
Gonzaga,Wisconsin,0.538382842839099
Gonzaga,Iowa,0.5852758537678029
Gonzaga,Utah St.,0.691447830220479
Gonzaga,Kentucky,0.6704497420839931
Gonzaga,Saint Louis,0.7767565174859289
Gonzaga,Ohio St.,0.5490246506462141
Gonzaga,UCLA,0.6012654006500402
Gonzaga,Miami (FL),0.7235028488575322
Gonzaga,Georgia,0.7282816787724815
Gonzaga,Clemson,0.6653470772958949
Gonzaga,Villanova,0.7171712229110577
Gonzaga,SMU,0.9499427132207039
Gonzaga,TCU,0.7967117060632225
Gonzaga,Auburn,0.656462465399325
Gonzaga,Santa Clara,0.6655087897870418
Gonzaga,Indiana,0.6444456585279398
Gonzaga,Texas,0.764755909252993
Gonzaga,Texas A&M,0.7127306761520138
Gonzaga,VCU,0.8076613898559839
Gonzaga,San Diego St.,0.7844212526743516
Gonzaga,New Mexico,0.81739636272453
Gonzaga,Oklahoma,0.6878419203843676
Gonzaga,Cincinnati,0.5765578875672183
Gonzaga,Tulsa,0.8618311729268712
Gonzaga,Baylor,0.7217183820188625
Gonzaga,UCF,0.8335591887005345
Gonzaga,Akron,0.8874165675554622
Gonzaga,Seton Hall,0.8279755565130374
Gonzaga,Virginia Tech,0.7909129007206652
Gonzaga,Washington,0.7360790566977224
Gonzaga,Missouri,0.7505013206200237
Gonzaga,West Virginia,0.8074915451509724
Gonzaga,Boise St.,0.7819894659059541
Gonzaga,Stanford,0.8163670065570973
Gonzaga,Florida St.,0.7604503056099017
Gonzaga,Belmont,0.8944062057153845
Gonzaga,Miami (OH),0.9238660455812481
Gonzaga,Northwestern,0.7802426945375992
Gonzaga,Yale,0.9191858211254726
Gonzaga,Wake Forest,0.8161542630182189
Gonzaga,California,0.8581768666604226
Iowa St.,Illinois,0.439709423371443
Iowa St.,Purdue,0.5442709642556539
Iowa St.,UConn,0.6621867346570431
Iowa St.,Michigan St.,0.6866996967604477
Iowa St.,Virginia,0.7149361715061615
Iowa St.,Nebraska,0.7686174495572358
Iowa St.,Vanderbilt,0.6671563394149534
Iowa St.,Louisville,0.6851331842929684
Iowa St.,Arkansas,0.7615088711344624
Iowa St.,Alabama,0.7353875143563563
Iowa St.,Texas Tech,0.6374653689236219
Iowa St.,Tennessee,0.6443181390346706
Iowa St.,Kansas,0.7455829192034475
Iowa St.,BYU,0.8584725899994653
Iowa St.,North Carolina,0.8291228881131539
Iowa St.,Wisconsin,0.7398280395989489
Iowa St.,Iowa,0.774197013423309
Iowa St.,Utah St.,0.844798281279994
Iowa St.,Kentucky,0.8344810437819558
Iowa St.,Saint Louis,0.8937469666342216
Iowa St.,Ohio St.,0.747729348521366
Iowa St.,UCLA,0.7854593509472869
Iowa St.,Miami (FL),0.86469053344278
Iowa St.,Georgia,0.8676130367615855
Iowa St.,Clemson,0.8308898352255853
Iowa St.,Villanova,0.8616458602432919
Iowa St.,SMU,0.9790347476173152
Iowa St.,TCU,0.9070500150173888
Iowa St.,Auburn,0.8236845154195119
Iowa St.,Santa Clara,0.8277293739131187
Iowa St.,Indiana,0.8159267702429884
Iowa St.,Texas,0.8874168366861898
Iowa St.,Texas A&M,0.8597952702404008
Iowa St.,VCU,0.9106408757532999
Iowa St.,San Diego St.,0.9014053968480094
Iowa St.,New Mexico,0.9168484329715976
Iowa St.,Oklahoma,0.8421840682810666
Iowa St.,Cincinnati,0.774376460061823
Iowa St.,Tulsa,0.9367959147199354
Iowa St.,Baylor,0.8635376023572442
Iowa St.,UCF,0.9251049603243015
Iowa St.,Akron,0.9488830174425121
Iowa St.,Seton Hall,0.9240746720329106
Iowa St.,Virginia Tech,0.903267468974402
Iowa St.,Washington,0.8739396097977188
Iowa St.,Missouri,0.8805051313949395
Iowa St.,West Virginia,0.9132434746708358
Iowa St.,Boise St.,0.8977531084079587
Iowa St.,Stanford,0.916593055520019
Iowa St.,Florida St.,0.8868901767118937
Iowa St.,Belmont,0.9526763785807691
Iowa St.,Miami (OH),0.9656033902456779
Iowa St.,Northwestern,0.8978840603028532
Iowa St.,Yale,0.9637757648420976
Iowa St.,Wake Forest,0.916572311436247
Iowa St.,California,0.9375363006367258
Illinois,Purdue,0.6050375944493186
Illinois,UConn,0.7182210433669689
Illinois,Michigan St.,0.7421614968805622
Illinois,Virginia,0.7665442285889577
Illinois,Nebraska,0.8154673095774962
Illinois,Vanderbilt,0.7236154908486928
Illinois,Louisville,0.7419965881977205
Illinois,Arkansas,0.8087743257865019
Illinois,Alabama,0.7865169241293419
Illinois,Texas Tech,0.6973920613792308
Illinois,Tennessee,0.7045015974986384
Illinois,Kansas,0.7970006468121832
Illinois,BYU,0.8914589235432513
Illinois,North Carolina,0.8671195524977079
Illinois,Wisconsin,0.78997626529324
Illinois,Iowa,0.8205903378747311
Illinois,Utah St.,0.8794745890679259
Illinois,Kentucky,0.8725574161425654
Illinois,Saint Louis,0.9193316475325831
Illinois,Ohio St.,0.79765537128789
Illinois,UCLA,0.8297862358515076
Illinois,Miami (FL),0.8961150095844096
Illinois,Georgia,0.8988978892027982
Illinois,Clemson,0.8691728892167679
Illinois,Villanova,0.8940708039225419
Illinois,SMU,0.980633928458992
Illinois,TCU,0.9311238085083827
Illinois,Auburn,0.8664842357500486
Illinois,Santa Clara,0.865386040150116
Illinois,Indiana,0.8557187628591757
Illinois,Texas,0.9131458252899691
Illinois,Texas A&M,0.8934033430751808
Illinois,VCU,0.9330893559165852
Illinois,San Diego St.,0.9240444270609375
Illinois,New Mexico,0.9379058242878933
Illinois,Oklahoma,0.8772533425611332
Illinois,Cincinnati,0.8239589042317024
Illinois,Tulsa,0.9527427678093446
Illinois,Baylor,0.8962285138924941
Illinois,UCF,0.9449101016827127
Illinois,Akron,0.9612876104750638
Illinois,Seton Hall,0.9441188876428035
Illinois,Virginia Tech,0.9278751935467571
Illinois,Washington,0.9057493441109274
Illinois,Missouri,0.9098697788007452
Illinois,West Virginia,0.9365093529630408
Illinois,Boise St.,0.9235454054833946
Illinois,Stanford,0.9383520600368708
Illinois,Florida St.,0.915267326961619
Illinois,Belmont,0.9648887319884624
Illinois,Miami (OH),0.9745073426977644
Illinois,Northwestern,0.924581311192507
Illinois,Yale,0.9731652833256553
Illinois,Wake Forest,0.9388331742104641
Illinois,California,0.9543519783102703
Purdue,UConn,0.6226397020382216
Purdue,Michigan St.,0.6518688769966486
Purdue,Virginia,0.6802104030242148
Purdue,Nebraska,0.7411152150247879
Purdue,Vanderbilt,0.6314312635830461
Purdue,Louisville,0.65257007341819
Purdue,Arkansas,0.7357862925766938
Purdue,Alabama,0.7090351114511987
Purdue,Texas Tech,0.6007635202973833
Purdue,Tennessee,0.6072897135933314
Purdue,Kansas,0.7190147437456549
Purdue,BYU,0.8443016672411626
Purdue,North Carolina,0.8102629372199127
Purdue,Wisconsin,0.7117318679707978
Purdue,Iowa,0.7480172876868073
Purdue,Utah St.,0.8265825287121592
Purdue,Kentucky,0.8177666397703718
Purdue,Saint Louis,0.8808382262179093
Purdue,Ohio St.,0.7205289016771398
Purdue,UCLA,0.7610072865171743
Purdue,Miami (FL),0.8492763432697636
Purdue,Georgia,0.8541502790981571
Purdue,Clemson,0.8116259161588854
Purdue,Villanova,0.8464322363984399
Purdue,SMU,0.9818917439012319
Purdue,TCU,0.8982337274854276
Purdue,Auburn,0.8043460111802057
Purdue,Santa Clara,0.8076687962273333
Purdue,Indiana,0.7984384647564203
Purdue,Texas,0.8779300244696836
Purdue,Texas A&M,0.8458616224674987
Purdue,VCU,0.9006411590595205
Purdue,San Diego St.,0.8955355678235747
Purdue,New Mexico,0.9097071700770368
Purdue,Oklahoma,0.8270320926895987
Purdue,Cincinnati,0.7532845494668434
Purdue,Tulsa,0.9297934492079032
Purdue,Baylor,0.8513703237006618
Purdue,UCF,0.9187565458518573
Purdue,Akron,0.9430563661374234
Purdue,Seton Hall,0.9188767992806569
Purdue,Virginia Tech,0.8951298279497255
Purdue,Washington,0.8638378216210155
Purdue,Missouri,0.8681375629537298
Purdue,West Virginia,0.9057711383640004
Purdue,Boise St.,0.8882778448445505
Purdue,Stanford,0.9099548333249676
Purdue,Florida St.,0.8774692246688788
Purdue,Belmont,0.9477734461203491
Purdue,Miami (OH),0.9606024767239624
Purdue,Northwestern,0.8899779880225941
Purdue,Yale,0.9595286719982027
Purdue,Wake Forest,0.9105193218061577
Purdue,California,0.9327616925666269
UConn,Michigan St.,0.5293704112974726
UConn,Virginia,0.5618946105875577
UConn,Nebraska,0.6286719710768945
UConn,Vanderbilt,0.5105573606670814
UConn,Louisville,0.5301934013837498
UConn,Arkansas,0.6263236026701366
UConn,Alabama,0.594945859263168
UConn,Texas Tech,0.4760697714744735
UConn,Tennessee,0.48061958141551325
UConn,Kansas,0.6003162178433687
UConn,BYU,0.7608427892862876
UConn,North Carolina,0.715291409065861
UConn,Wisconsin,0.5973721228166347
UConn,Iowa,0.6365981435304324
UConn,Utah St.,0.7382902712519992
UConn,Kentucky,0.7230074534655998
UConn,Saint Louis,0.8132691504165422
UConn,Ohio St.,0.6054532655099062
UConn,UCLA,0.6538548096644795
UConn,Miami (FL),0.76787882243333
UConn,Georgia,0.7749716485182224
UConn,Clemson,0.7142732984978828
UConn,Villanova,0.7619538139700099
UConn,SMU,0.9734359571139795
UConn,TCU,0.8337321647535352
UConn,Auburn,0.702262352462942
UConn,Santa Clara,0.714480302477096
UConn,Indiana,0.6998265169370369
UConn,Texas,0.8095031354460891
UConn,Texas A&M,0.7612263712254436
UConn,VCU,0.8403751250831103
UConn,San Diego St.,0.8333234319196938
UConn,New Mexico,0.8530916608004957
UConn,Oklahoma,0.7382636938926799
UConn,Cincinnati,0.6369774476388855
UConn,Tulsa,0.8857254572964427
UConn,Baylor,0.7687145398391242
UConn,UCF,0.865713180496426
UConn,Akron,0.9079838629706959
UConn,Seton Hall,0.8635331333552856
UConn,Virginia Tech,0.8298222493774051
UConn,Washington,0.7825188789171786
UConn,Missouri,0.7915095101882973
UConn,West Virginia,0.8418696053865874
UConn,Boise St.,0.8198601688403091
UConn,Stanford,0.8515778128545483
UConn,Florida St.,0.8046074351188544
UConn,Belmont,0.9137282944800831
UConn,Miami (OH),0.9351055725826617
UConn,Northwestern,0.8197915761492044
UConn,Yale,0.9324764107674073
UConn,Wake Forest,0.8517147206528609
UConn,California,0.8866905755030053
Michigan St.,Virginia,0.5319706224929563
Michigan St.,Nebraska,0.5991900760940526
Michigan St.,Vanderbilt,0.4808319210109908
Michigan St.,Louisville,0.49986946350716355
Michigan St.,Arkansas,0.5981792741191483
Michigan St.,Alabama,0.5662389913656206
Michigan St.,Texas Tech,0.44761769014765423
Michigan St.,Tennessee,0.4514087959319271
Michigan St.,Kansas,0.5710827860788041
Michigan St.,BYU,0.7393109765165005
Michigan St.,North Carolina,0.69051900811791
Michigan St.,Wisconsin,0.5691800815656589
Michigan St.,Iowa,0.6107298045410542
Michigan St.,Utah St.,0.7146124342151493
Michigan St.,Kentucky,0.6989084060417717
Michigan St.,Saint Louis,0.7925668854660046
Michigan St.,Ohio St.,0.5783061703223855
Michigan St.,UCLA,0.6282255821039863
Michigan St.,Miami (FL),0.745717836125604
Michigan St.,Georgia,0.7533760074243037
Michigan St.,Clemson,0.689705787933981
Michigan St.,Villanova,0.7406500642382421
Michigan St.,SMU,0.9566885583291793
Michigan St.,TCU,0.8164241770920043
Michigan St.,Auburn,0.6859426443441404
Michigan St.,Santa Clara,0.6893697544176041
Michigan St.,Indiana,0.6717449806474806
Michigan St.,Texas,0.7860792876141675
Michigan St.,Texas A&M,0.7386528452316178
Michigan St.,VCU,0.8232029101151456
Michigan St.,San Diego St.,0.8049747296546033
Michigan St.,New Mexico,0.8343676791601355
Michigan St.,Oklahoma,0.7133383811444626
Michigan St.,Cincinnati,0.6062255638374096
Michigan St.,Tulsa,0.8713601868656078
Michigan St.,Baylor,0.747223572278012
Michigan St.,UCF,0.8518502934676921
Michigan St.,Akron,0.892366532888375
Michigan St.,Seton Hall,0.8453428582083184
Michigan St.,Virginia Tech,0.8113267989014964
Michigan St.,Washington,0.7615910128231735
Michigan St.,Missouri,0.7724566771220506
Michigan St.,West Virginia,0.8247145646377182
Michigan St.,Boise St.,0.8013245212785156
Michigan St.,Stanford,0.8351109741758562
Michigan St.,Florida St.,0.7841370780918907
Michigan St.,Belmont,0.9018845486955539
Michigan St.,Miami (OH),0.9253602751821306
Michigan St.,Northwestern,0.8021591885116416
Michigan St.,Yale,0.9230127115284572
Michigan St.,Wake Forest,0.8360067166637165
Michigan St.,California,0.8724792039653566
Virginia,Nebraska,0.5673894619635993
Virginia,Vanderbilt,0.44819726158319667
Virginia,Louisville,0.46739399376209934
Virginia,Arkansas,0.5660570166042103
Virginia,Alabama,0.5327619850445544
Virginia,Texas Tech,0.4144615376332038
Virginia,Tennessee,0.41845285194731774
Virginia,Kansas,0.5367581998048264
Virginia,BYU,0.7124335126538396
Virginia,North Carolina,0.6617233941371543
Virginia,Wisconsin,0.536410422346775
Virginia,Iowa,0.578790455830191
Virginia,Utah St.,0.6885112092880307
Virginia,Kentucky,0.669668709068903
Virginia,Saint Louis,0.774455036717946
Virginia,Ohio St.,0.5453831018213544
Virginia,UCLA,0.5966070545552769
Virginia,Miami (FL),0.7212500206151684
Virginia,Georgia,0.728988054821978
Virginia,Clemson,0.6607369818084251
Virginia,Villanova,0.7140805658495356
Virginia,SMU,0.955015448514398
Virginia,TCU,0.7958885677487727
Virginia,Auburn,0.6537486042371651
Virginia,Santa Clara,0.6629597641563365
Virginia,Indiana,0.6427602720770774
Virginia,Texas,0.7648952653423344
Virginia,Texas A&M,0.712978044179813
Virginia,VCU,0.8057097194293338
Virginia,San Diego St.,0.7866758937222793
Virginia,New Mexico,0.8175540389330033
Virginia,Oklahoma,0.6863284647191522
Virginia,Cincinnati,0.5746746314446454
Virginia,Tulsa,0.8596024826229974
Virginia,Baylor,0.721470059103886
Virginia,UCF,0.83408009288719
Virginia,Akron,0.8853155333569914
Virginia,Seton Hall,0.8277404068789179
Virginia,Virginia Tech,0.790627981229866
Virginia,Washington,0.7360027140222004
Virginia,Missouri,0.7484513115014766
Virginia,West Virginia,0.8047174535459136
Virginia,Boise St.,0.7802494986243318
Virginia,Stanford,0.8162683280670846
Virginia,Florida St.,0.7615606853187403
Virginia,Belmont,0.8930095284686973
Virginia,Miami (OH),0.9209767462708003
Virginia,Northwestern,0.7794446943020018
Virginia,Yale,0.9166005513480571
Virginia,Wake Forest,0.8168425562269827
Virginia,California,0.8581101175532078
Nebraska,Vanderbilt,0.3866029235686075
Nebraska,Louisville,0.4028332309500362
Nebraska,Arkansas,0.5013357167843463
Nebraska,Alabama,0.46825326591390004
Nebraska,Texas Tech,0.35463978318880107
Nebraska,Tennessee,0.3569731156524577
Nebraska,Kansas,0.4693973573975893
Nebraska,BYU,0.6538468553269557
Nebraska,North Carolina,0.5983797464885906
Nebraska,Wisconsin,0.4717509062799511
Nebraska,Iowa,0.5133562859869831
Nebraska,Utah St.,0.6272410939146971
Nebraska,Kentucky,0.6059932843392629
Nebraska,Saint Louis,0.7195184433746082
Nebraska,Ohio St.,0.4802124486824416
Nebraska,UCLA,0.5322263023993391
Nebraska,Miami (FL),0.6621668721827082
Nebraska,Georgia,0.6708790847080636
Nebraska,Clemson,0.596060347355926
Nebraska,Villanova,0.6548228107734657
Nebraska,SMU,0.9360765389836224
Nebraska,TCU,0.7442700972534809
Nebraska,Auburn,0.5917687707867266
Nebraska,Santa Clara,0.5996710845364852
Nebraska,Indiana,0.577128718303174
Nebraska,Texas,0.7101857429838647
Nebraska,Texas A&M,0.6517889506442838
Nebraska,VCU,0.7561504794551653
Nebraska,San Diego St.,0.7296285328720061
Nebraska,New Mexico,0.7683075100325875
Nebraska,Oklahoma,0.6247376862905537
Nebraska,Cincinnati,0.5026748213555386
Nebraska,Tulsa,0.8195938408055304
Nebraska,Baylor,0.6621093562343744
Nebraska,UCF,0.7903687419466919
Nebraska,Akron,0.8486267275219305
Nebraska,Seton Hall,0.7788051954577138
Nebraska,Virginia Tech,0.7382595079989781
Nebraska,Washington,0.6759607195619222
Nebraska,Missouri,0.6921117433481191
Nebraska,West Virginia,0.7523628809146226
Nebraska,Boise St.,0.7265921323262594
Nebraska,Stanford,0.7679911114850821
Nebraska,Florida St.,0.7049233171912497
Nebraska,Belmont,0.8601120836991455
Nebraska,Miami (OH),0.8940658498637586
Nebraska,Northwestern,0.7252514579341536
Nebraska,Yale,0.8896114163011428
Nebraska,Wake Forest,0.7685523339524558
Nebraska,California,0.8165997534946745
Vanderbilt,Louisville,0.5205510964923897
Vanderbilt,Arkansas,0.616628948027151
Vanderbilt,Alabama,0.5831324145044193
Vanderbilt,Texas Tech,0.4691564565995182
Vanderbilt,Tennessee,0.4752103820932839
Vanderbilt,Kansas,0.594260252647132
Vanderbilt,BYU,0.756999251537392
Vanderbilt,North Carolina,0.7113318144314426
Vanderbilt,Wisconsin,0.5898555078793203
Vanderbilt,Iowa,0.6372847043561881
Vanderbilt,Utah St.,0.7350390059401679
Vanderbilt,Kentucky,0.7199171713257246
Vanderbilt,Saint Louis,0.8095983252865654
Vanderbilt,Ohio St.,0.6018253113401161
Vanderbilt,UCLA,0.6522881146308956
Vanderbilt,Miami (FL),0.7651682587976374
Vanderbilt,Georgia,0.7700085283331556
Vanderbilt,Clemson,0.714392722609834
Vanderbilt,Villanova,0.7620936614099986
Vanderbilt,SMU,0.9621982995705431
Vanderbilt,TCU,0.8337456875367355
Vanderbilt,Auburn,0.7074825316278238
Vanderbilt,Santa Clara,0.7096162038351636
Vanderbilt,Indiana,0.6954327308564966
Vanderbilt,Texas,0.8043848712353079
Vanderbilt,Texas A&M,0.7573298377685894
Vanderbilt,VCU,0.8393581757044446
Vanderbilt,San Diego St.,0.8237240527473572
Vanderbilt,New Mexico,0.8500691483139393
Vanderbilt,Oklahoma,0.735087637376346
Vanderbilt,Cincinnati,0.6329622058061578
Vanderbilt,Tulsa,0.8849279052837196
Vanderbilt,Baylor,0.7672855453596157
Vanderbilt,UCF,0.8655162273849696
Vanderbilt,Akron,0.9044475082050895
Vanderbilt,Seton Hall,0.8630496560200622
Vanderbilt,Virginia Tech,0.829220610228583
Vanderbilt,Washington,0.7828198259011242
Vanderbilt,Missouri,0.7921318171700512
Vanderbilt,West Virginia,0.8455086656587965
Vanderbilt,Boise St.,0.82066061954408
Vanderbilt,Stanford,0.8515955507278593
Vanderbilt,Florida St.,0.8018532361641505
Vanderbilt,Belmont,0.9126999138308793
Vanderbilt,Miami (OH),0.9345181461859119
Vanderbilt,Northwestern,0.8221746428395484
Vanderbilt,Yale,0.9330160651494872
Vanderbilt,Wake Forest,0.8520537572526083
Vanderbilt,California,0.8863827488427959
Louisville,Arkansas,0.5972898771127448
Louisville,Alabama,0.5633883995575868
Louisville,Texas Tech,0.4496432780188084
Louisville,Tennessee,0.4544246442133836
Louisville,Kansas,0.571124225255267
Louisville,BYU,0.7404469284267832
Louisville,North Carolina,0.6926593103932982
Louisville,Wisconsin,0.5703816873175084
Louisville,Iowa,0.6186992644102677
Louisville,Utah St.,0.7182888753651737
Louisville,Kentucky,0.7008887989146977
Louisville,Saint Louis,0.7963357579346282
Louisville,Ohio St.,0.5825609711421688
Louisville,UCLA,0.6336430903116886
Louisville,Miami (FL),0.7489363961871024
Louisville,Georgia,0.7545348075735334
Louisville,Clemson,0.6949775903702257
Louisville,Villanova,0.7451004588788264
Louisville,SMU,0.8955508846854483
Louisville,TCU,0.8193574883599224
Louisville,Auburn,0.7066686651670042
Louisville,Santa Clara,0.6933057339060646
Louisville,Indiana,0.6674359812413212
Louisville,Texas,0.7766473055868282
Louisville,Texas A&M,0.740740318910734
Louisville,VCU,0.8276490311638067
Louisville,San Diego St.,0.7809673393832977
Louisville,New Mexico,0.8312970318776067
Louisville,Oklahoma,0.7109763845537206
Louisville,Cincinnati,0.6057088258757417
Louisville,Tulsa,0.8736425096873315
Louisville,Baylor,0.7486995883974661
Louisville,UCF,0.8540942630441871
Louisville,Akron,0.8894151262990188
Louisville,Seton Hall,0.8405983678684532
Louisville,Virginia Tech,0.8112792115074906
Louisville,Washington,0.7632902496787276
Louisville,Missouri,0.7780439400204993
Louisville,West Virginia,0.828328968615784
Louisville,Boise St.,0.8041864551833217
Louisville,Stanford,0.8353381757575109
Louisville,Florida St.,0.7837232297724772
Louisville,Belmont,0.9027800226677618
Louisville,Miami (OH),0.9292822497869835
Louisville,Northwestern,0.8052598196905838
Louisville,Yale,0.9254337534155699
Louisville,Wake Forest,0.8373364551094494
Louisville,California,0.8719774707261716
Arkansas,Alabama,0.4648945504659213
Arkansas,Texas Tech,0.35520830846200296
Arkansas,Tennessee,0.35962837001924325
Arkansas,Kansas,0.47420791409030516
Arkansas,BYU,0.6608765571934686
Arkansas,North Carolina,0.6052409623580383
Arkansas,Wisconsin,0.47295018710936576
Arkansas,Iowa,0.525046327984208
Arkansas,Utah St.,0.6341134700235939
Arkansas,Kentucky,0.6152023111108045
Arkansas,Saint Louis,0.7249282561790784
Arkansas,Ohio St.,0.48656596422452103
Arkansas,UCLA,0.5411592004793458
Arkansas,Miami (FL),0.6701007977544952
Arkansas,Georgia,0.6760613694178127
Arkansas,Clemson,0.6089430424256101
Arkansas,Villanova,0.6673700806564539
Arkansas,SMU,0.9278617355667246
Arkansas,TCU,0.7570812760308477
Arkansas,Auburn,0.6081150177983612
Arkansas,Santa Clara,0.604306270799583
Arkansas,Indiana,0.586529820515156
Arkansas,Texas,0.7179897172407329
Arkansas,Texas A&M,0.6595750288885054
Arkansas,VCU,0.7653843591482348
Arkansas,San Diego St.,0.7350902244673574
Arkansas,New Mexico,0.7771935761403823
Arkansas,Oklahoma,0.6347073290694694
Arkansas,Cincinnati,0.5135537715013353
Arkansas,Tulsa,0.8278749844033221
Arkansas,Baylor,0.6743289313012638
Arkansas,UCF,0.8014145557239356
Arkansas,Akron,0.8523802451023715
Arkansas,Seton Hall,0.7937642930838673
Arkansas,Virginia Tech,0.7514498295234505
Arkansas,Washington,0.6922022015176311
Arkansas,Missouri,0.7053843254033993
Arkansas,West Virginia,0.7726651366767422
Arkansas,Boise St.,0.741344271282603
Arkansas,Stanford,0.781531962518961
Arkansas,Florida St.,0.7154384036905326
Arkansas,Belmont,0.8668818151793172
Arkansas,Miami (OH),0.8986017424551255
Arkansas,Northwestern,0.7437647900991425
Arkansas,Yale,0.8972907016461039
Arkansas,Wake Forest,0.7827575654733154
Arkansas,California,0.8283511447121047
Alabama,Texas Tech,0.3904033149579795
Alabama,Tennessee,0.3956634047743993
Alabama,Kansas,0.5129249058780887
Alabama,BYU,0.6933955932477401
Alabama,North Carolina,0.6403071246243431
Alabama,Wisconsin,0.5093927186647854
Alabama,Iowa,0.5642135030366608
Alabama,Utah St.,0.6670789346793885
Alabama,Kentucky,0.6506486481561153
Alabama,Saint Louis,0.7500749780465501
Alabama,Ohio St.,0.5245352169385418
Alabama,UCLA,0.579233632113131
Alabama,Miami (FL),0.7015254139518557
Alabama,Georgia,0.7060528659327004
Alabama,Clemson,0.6458600160655857
Alabama,Villanova,0.7013936076007279
Alabama,SMU,0.9326948906172722
Alabama,TCU,0.7844132504021908
Alabama,Auburn,0.6459411936904108
Alabama,Santa Clara,0.6370205471469932
Alabama,Indiana,0.6224718076924842
Alabama,Texas,0.746221883373206
Alabama,Texas A&M,0.6913353729376747
Alabama,VCU,0.789657129066689
Alabama,San Diego St.,0.7612011270758305
Alabama,New Mexico,0.8006088501343903
Alabama,Oklahoma,0.6687180713916019
Alabama,Cincinnati,0.5515961839717551
Alabama,Tulsa,0.8459019423177703
Alabama,Baylor,0.7066751954043571
Alabama,UCF,0.8246920613097731
Alabama,Akron,0.865521145032924
Alabama,Seton Hall,0.8186971447003321
Alabama,Virginia Tech,0.7790146689532239
Alabama,Washington,0.7249021144252413
Alabama,Missouri,0.7364940600752635
Alabama,West Virginia,0.8008237400904679
Alabama,Boise St.,0.7698014569963229
Alabama,Stanford,0.806897048369484
Alabama,Florida St.,0.7443229140381412
Alabama,Belmont,0.8809709658641173
Alabama,Miami (OH),0.90774517550334
Alabama,Northwestern,0.773687220029123
Alabama,Yale,0.9086372383882038
Alabama,Wake Forest,0.8080545077854921
Alabama,California,0.848703679002384
Texas Tech,Tennessee,0.5044212325615518
Texas Tech,Kansas,0.6231019179876315
Texas Tech,BYU,0.7798260381527452
Texas Tech,North Carolina,0.735477714277203
Texas Tech,Wisconsin,0.6204027371573516
Texas Tech,Iowa,0.6625487835177917
Texas Tech,Utah St.,0.757377639038881
Texas Tech,Kentucky,0.7439408632394013
Texas Tech,Saint Louis,0.8272137416193597
Texas Tech,Ohio St.,0.6305313353894044
Texas Tech,UCLA,0.67801116357666
Texas Tech,Miami (FL),0.7856243541838853
Texas Tech,Georgia,0.7924867181035545
Texas Tech,Clemson,0.7358897018009565
Texas Tech,Villanova,0.7817453716174245
Texas Tech,SMU,0.9340868212768546
Texas Tech,TCU,0.8490098106869918
Texas Tech,Auburn,0.7437943630520774
Texas Tech,Santa Clara,0.7345612375802941
Texas Tech,Indiana,0.7136182447098348
Texas Tech,Texas,0.8137111703054953
Texas Tech,Texas A&M,0.7803022502224098
Texas Tech,VCU,0.8546079282112617
Texas Tech,San Diego St.,0.8231031469210174
Texas Tech,New Mexico,0.8606887214128495
Texas Tech,Oklahoma,0.75261712650726
Texas Tech,Cincinnati,0.6569085601536928
Texas Tech,Tulsa,0.8938662746724846
Texas Tech,Baylor,0.7867798969571099
Texas Tech,UCF,0.8792194004205132
Texas Tech,Akron,0.9082182522998843
Texas Tech,Seton Hall,0.8695902488182189
Texas Tech,Virginia Tech,0.8426061989665388
Texas Tech,Washington,0.8006222360203055
Texas Tech,Missouri,0.811253632907571
Texas Tech,West Virginia,0.8561167822112864
Texas Tech,Boise St.,0.8349413881896596
Texas Tech,Stanford,0.8634438178274894
Texas Tech,Florida St.,0.8193238312164333
Texas Tech,Belmont,0.9191776946949675
Texas Tech,Miami (OH),0.9398320228319583
Texas Tech,Northwestern,0.8366788848077531
Texas Tech,Yale,0.9371271745650713
Texas Tech,Wake Forest,0.8653525524032107
Texas Tech,California,0.8949422526159881
Tennessee,Kansas,0.6173538923651704
Tennessee,BYU,0.775186551629492
Tennessee,North Carolina,0.7304620533297373
Tennessee,Wisconsin,0.6168572550983267
Tennessee,Iowa,0.6561784898264467
Tennessee,Utah St.,0.7529439813394287
Tennessee,Kentucky,0.7381239633540357
Tennessee,Saint Louis,0.8240746877024714
Tennessee,Ohio St.,0.6254492081862181
Tennessee,UCLA,0.6724032390373341
Tennessee,Miami (FL),0.7809944060295676
Tennessee,Georgia,0.7886771929784296
Tennessee,Clemson,0.7290739911143138
Tennessee,Villanova,0.7756331434770989
Tennessee,SMU,0.9144492458920764
Tennessee,TCU,0.843508648643589
Tennessee,Auburn,0.7412554605408496
Tennessee,Santa Clara,0.7309397347631559
Tennessee,Indiana,0.705092706144454
Tennessee,Texas,0.8054984858890175
Tennessee,Texas A&M,0.7755772751928597
Tennessee,VCU,0.8507721994423985
Tennessee,San Diego St.,0.8110234908758276
Tennessee,New Mexico,0.8548107968992904
Tennessee,Oklahoma,0.7450372525157897
Tennessee,Cincinnati,0.6482469084639284
Tennessee,Tulsa,0.8901389270964011
Tennessee,Baylor,0.7802010053684924
Tennessee,UCF,0.8747800434177356
Tennessee,Akron,0.9043934018619143
Tennessee,Seton Hall,0.8610853463038818
Tennessee,Virginia Tech,0.835931091978001
Tennessee,Washington,0.7927659024412307
Tennessee,Missouri,0.8057733038089203
Tennessee,West Virginia,0.8480120683585687
Tennessee,Boise St.,0.8283614291493736
Tennessee,Stanford,0.8571008508442324
Tennessee,Florida St.,0.8133264816232874
Tennessee,Belmont,0.9159691205737749
Tennessee,Miami (OH),0.9383779824655835
Tennessee,Northwestern,0.8289880725476446
Tennessee,Yale,0.9342292436733214
Tennessee,Wake Forest,0.8592895650075765
Tennessee,California,0.8894597025664618
Kansas,BYU,0.6807027728099839
Kansas,North Carolina,0.6256894879799919
Kansas,Wisconsin,0.501141179578058
Kansas,Iowa,0.5429947823320953
Kansas,Utah St.,0.6519271127607756
Kansas,Kentucky,0.6342527086136196
Kansas,Saint Louis,0.7359336015609169
Kansas,Ohio St.,0.5102160044134029
Kansas,UCLA,0.5618219140293202
Kansas,Miami (FL),0.6857079199489349
Kansas,Georgia,0.6948066281064736
Kansas,Clemson,0.6235113718229284
Kansas,Villanova,0.6812193356413475
Kansas,SMU,0.9224833719025523
Kansas,TCU,0.7653870948020541
Kansas,Auburn,0.6281614556994455
Kansas,Santa Clara,0.624072501400307
Kansas,Indiana,0.6023442422051382
Kansas,Texas,0.7279560190311499
Kansas,Texas A&M,0.6768315919990668
Kansas,VCU,0.7734180503524621
Kansas,San Diego St.,0.7400809396476697
Kansas,New Mexico,0.7833641397271843
Kansas,Oklahoma,0.6493695236189051
Kansas,Cincinnati,0.5296030741648878
Kansas,Tulsa,0.8300824403427121
Kansas,Baylor,0.6874392938449606
Kansas,UCF,0.8095742541135251
Kansas,Akron,0.8511816498963023
Kansas,Seton Hall,0.7948301900303221
Kansas,Virginia Tech,0.7586809736457524
Kansas,Washington,0.7014580452382791
Kansas,Missouri,0.7167352385102892
Kansas,West Virginia,0.7725659836032424
Kansas,Boise St.,0.7475399071908586
Kansas,Stanford,0.7870235970124393
Kansas,Florida St.,0.7269829734460315
Kansas,Belmont,0.8676552558220115
Kansas,Miami (OH),0.8962696044400423
Kansas,Northwestern,0.7488063539791234
Kansas,Yale,0.8946822444528821
Kansas,Wake Forest,0.7885858275035397
Kansas,California,0.8306951822227834
BYU,North Carolina,0.4366741354650606
BYU,Wisconsin,0.3152727996744709
BYU,Iowa,0.3581027597054153
BYU,Utah St.,0.46823060223631363
BYU,Kentucky,0.44655488782739783
BYU,Saint Louis,0.5716312071299402
BYU,Ohio St.,0.3259737828146259
BYU,UCLA,0.37479516075647773
BYU,Miami (FL),0.5067630650393216
BYU,Georgia,0.5177731657771204
BYU,Clemson,0.4358011172371738
BYU,Villanova,0.5018627175622308
BYU,SMU,0.7783414515456496
BYU,TCU,0.6081140796217869
BYU,Auburn,0.45594588627910304
BYU,Santa Clara,0.4393212870951855
BYU,Indiana,0.41187047420628536
BYU,Texas,0.5530730913150625
BYU,Texas A&M,0.496141768235915
BYU,VCU,0.6230098115615286
BYU,San Diego St.,0.5519225239437413
BYU,New Mexico,0.6300676117054842
BYU,Oklahoma,0.4651286219266442
BYU,Cincinnati,0.3395146710627941
BYU,Tulsa,0.7064306989022661
BYU,Baylor,0.512496185023222
BYU,UCF,0.6723556318078918
BYU,Akron,0.7337222200948154
BYU,Seton Hall,0.6422923132406887
BYU,Virginia Tech,0.5994486224503291
BYU,Washington,0.5282392226421796
BYU,Missouri,0.5485480594375077
BYU,West Virginia,0.6197116324090335
BYU,Boise St.,0.5881043959556196
BYU,Stanford,0.6388617597257426
BYU,Florida St.,0.5582580610338087
BYU,Belmont,0.7638318574941427
BYU,Miami (OH),0.8156027632236903
BYU,Northwestern,0.590572700608318
BYU,Yale,0.8110571245380812
BYU,Wake Forest,0.6434494675977904
BYU,California,0.7015486115822723
North Carolina,Wisconsin,0.373534970388737
North Carolina,Iowa,0.41656334182775084
North Carolina,Utah St.,0.5318972207361201
North Carolina,Kentucky,0.5089525608118306
North Carolina,Saint Louis,0.6351860651108115
North Carolina,Ohio St.,0.38343557613179513
North Carolina,UCLA,0.43448171166151717
North Carolina,Miami (FL),0.5698492492638174
North Carolina,Georgia,0.5806137736226203
North Carolina,Clemson,0.4979832155179656
North Carolina,Villanova,0.5626219872444499
North Carolina,SMU,0.8325327069943593
North Carolina,TCU,0.6647574719117781
North Carolina,Auburn,0.5132010185257704
North Carolina,Santa Clara,0.5036176164509057
North Carolina,Indiana,0.47361337417841004
North Carolina,Texas,0.6138257823863921
North Carolina,Texas A&M,0.5593720355355156
North Carolina,VCU,0.6803820838648629
North Carolina,San Diego St.,0.6178369068914374
North Carolina,New Mexico,0.6874249017899136
North Carolina,Oklahoma,0.5263441078208004
North Carolina,Cincinnati,0.39999986101107365
North Carolina,Tulsa,0.7562686745287691
North Carolina,Baylor,0.5720709043907124
North Carolina,UCF,0.7224254772387602
North Carolina,Akron,0.7849135398196146
North Carolina,Seton Hall,0.6965772662780376
North Carolina,Virginia Tech,0.6558766230488955
North Carolina,Washington,0.5868985659130497
North Carolina,Missouri,0.6073584577182852
North Carolina,West Virginia,0.6734802040402807
North Carolina,Boise St.,0.6447315616272277
North Carolina,Stanford,0.6919131335200949
North Carolina,Florida St.,0.6180954278921166
North Carolina,Belmont,0.8069694338111822
North Carolina,Miami (OH),0.8538359097608977
North Carolina,Northwestern,0.6448172742109216
North Carolina,Yale,0.8468788792775104
North Carolina,Wake Forest,0.6953377752963255
North Carolina,California,0.7500857129789333
Wisconsin,Iowa,0.5488902938711869
Wisconsin,Utah St.,0.658223274800923
Wisconsin,Kentucky,0.6399836608391914
Wisconsin,Saint Louis,0.7472188729677723
Wisconsin,Ohio St.,0.5123067043528449
Wisconsin,UCLA,0.5655934123910644
Wisconsin,Miami (FL),0.6930620471511701
Wisconsin,Georgia,0.7007743016663687
Wisconsin,Clemson,0.6316983632446596
Wisconsin,Villanova,0.6887511387045893
Wisconsin,SMU,0.9056814854540662
Wisconsin,TCU,0.7756573455503877
Wisconsin,Auburn,0.6403762117972196
Wisconsin,Santa Clara,0.6305522195435056
Wisconsin,Indiana,0.6070134119330451
Wisconsin,Texas,0.7321932494218975
Wisconsin,Texas A&M,0.684669593634096
Wisconsin,VCU,0.7846230391802381
Wisconsin,San Diego St.,0.7426691081845913
Wisconsin,New Mexico,0.7927400751127271
Wisconsin,Oklahoma,0.6546822226507758
Wisconsin,Cincinnati,0.5381365431885581
Wisconsin,Tulsa,0.8414085207709476
Wisconsin,Baylor,0.6959457840516603
Wisconsin,UCF,0.8180075092480347
Wisconsin,Akron,0.8624166411253794
Wisconsin,Seton Hall,0.8050179906341737
Wisconsin,Virginia Tech,0.768445284440681
Wisconsin,Washington,0.7125977560499414
Wisconsin,Missouri,0.7267217847446463
Wisconsin,West Virginia,0.7870298200632667
Wisconsin,Boise St.,0.7590537621501753
Wisconsin,Stanford,0.796932989667244
Wisconsin,Florida St.,0.7362908901213124
Wisconsin,Belmont,0.8776370566849415
Wisconsin,Miami (OH),0.9084631953655204
Wisconsin,Northwestern,0.7610709383404802
Wisconsin,Yale,0.9051002467623214
Wisconsin,Wake Forest,0.7992924697084183
Wisconsin,California,0.8409362493974772
Iowa,Utah St.,0.6188232946187968
Iowa,Kentucky,0.5977348159775122
Iowa,Saint Louis,0.7180336867686159
Iowa,Ohio St.,0.46850637192845324
Iowa,UCLA,0.5194120989417977
Iowa,Miami (FL),0.654880907204858
Iowa,Georgia,0.6687439773908668
Iowa,Clemson,0.5829100548670704
Iowa,Villanova,0.6447480727361508
Iowa,SMU,0.756025463587963
Iowa,TCU,0.7400578342451648
Iowa,Auburn,0.6172213990631814
Iowa,Santa Clara,0.5943036275781123
Iowa,Indiana,0.5522973551453259
Iowa,Texas,0.6792384997347972
Iowa,Texas A&M,0.649326742077207
Iowa,VCU,0.7554744149068159
Iowa,San Diego St.,0.6700077764009468
Iowa,New Mexico,0.7549066628035105
Iowa,Oklahoma,0.6044804021208118
Iowa,Cincinnati,0.4861180246988209
Iowa,Tulsa,0.8145922904675705
Iowa,Baylor,0.6544382720613973
Iowa,UCF,0.789836170085753
Iowa,Akron,0.8336377864194099
Iowa,Seton Hall,0.755643009077824
Iowa,Virginia Tech,0.7277815784608141
Iowa,Washington,0.6680147710706437
Iowa,Missouri,0.6891892643869808
Iowa,West Virginia,0.7409254732341322
Iowa,Boise St.,0.7185060174256581
Iowa,Stanford,0.7590445379527592
Iowa,Florida St.,0.6989447611035466
Iowa,Belmont,0.8552694400168892
Iowa,Miami (OH),0.8956144312986724
Iowa,Northwestern,0.718356058058996
Iowa,Yale,0.8850129759799052
Iowa,Wake Forest,0.764827357648811
Iowa,California,0.8081174364771844
Utah St.,Kentucky,0.4746787612636118
Utah St.,Saint Louis,0.6104128404979589
Utah St.,Ohio St.,0.35114757190326723
Utah St.,UCLA,0.4009501870287165
Utah St.,Miami (FL),0.5384706215187487
Utah St.,Georgia,0.5495805934693978
Utah St.,Clemson,0.46414188348232965
Utah St.,Villanova,0.5291242070930853
Utah St.,SMU,0.7686015468815753
Utah St.,TCU,0.6357942906145669
Utah St.,Auburn,0.485190693342356
Utah St.,Santa Clara,0.47303965009661647
Utah St.,Indiana,0.43767289075745863
Utah St.,Texas,0.5780410136046781
Utah St.,Texas A&M,0.527868356911648
Utah St.,VCU,0.6559355665133162
Utah St.,San Diego St.,0.5763211268022314
Utah St.,New Mexico,0.6593728291570393
Utah St.,Oklahoma,0.49113054795131184
Utah St.,Cincinnati,0.3671611441807046
Utah St.,Tulsa,0.7370242019415555
Utah St.,Baylor,0.5394759547259051
Utah St.,UCF,0.696365196348156
Utah St.,Akron,0.7685416012731531
Utah St.,Seton Hall,0.664817190232285
Utah St.,Virginia Tech,0.6253264292100589
Utah St.,Washington,0.5540340201222034
Utah St.,Missouri,0.5769452389224928
Utah St.,West Virginia,0.644065452035392
Utah St.,Boise St.,0.6153083155016444
Utah St.,Stanford,0.6630785580670684
Utah St.,Florida St.,0.587253028404207
Utah St.,Belmont,0.7910527042645362
Utah St.,Miami (OH),0.8469319369554276
Utah St.,Northwestern,0.6139504840379651
Utah St.,Yale,0.8351589914011721
Utah St.,Wake Forest,0.667518723439253
Utah St.,California,0.725718911965797
Kentucky,Saint Louis,0.6235671318832937
Kentucky,Ohio St.,0.3762972984338414
Kentucky,UCLA,0.4267147291291433
Kentucky,Miami (FL),0.559996335151423
Kentucky,Georgia,0.5717973586470037
Kentucky,Clemson,0.4879782303202791
Kentucky,Villanova,0.5535071379146287
Kentucky,SMU,0.7533025534322128
Kentucky,TCU,0.6549776950999385
Kentucky,Auburn,0.5148678428194061
Kentucky,Santa Clara,0.4943074893697144
Kentucky,Indiana,0.46016406728775905
Kentucky,Texas,0.5964102928190244
Kentucky,Texas A&M,0.5500481873727707
Kentucky,VCU,0.6704963262305629
Kentucky,San Diego St.,0.5883622419716021
Kentucky,New Mexico,0.6727602896938263
Kentucky,Oklahoma,0.5139427266371543
Kentucky,Cincinnati,0.38782819837590615
Kentucky,Tulsa,0.7445070884862627
Kentucky,Baylor,0.5621288679858196
Kentucky,UCF,0.7148075706994416
Kentucky,Akron,0.7667743858880748
Kentucky,Seton Hall,0.6796097386283946
Kentucky,Virginia Tech,0.6440131508132035
Kentucky,Washington,0.5760620770535841
Kentucky,Missouri,0.5989975326187984
Kentucky,West Virginia,0.660880535355592
Kentucky,Boise St.,0.6335832095141742
Kentucky,Stanford,0.6806262206772539
Kentucky,Florida St.,0.6068955798739709
Kentucky,Belmont,0.7957043516783272
Kentucky,Miami (OH),0.843664884321241
Kentucky,Northwestern,0.6345522766786089
Kentucky,Yale,0.8366182247653643
Kentucky,Wake Forest,0.6854788034134639
Kentucky,California,0.7380174051071251
Saint Louis,Ohio St.,0.25248199707978086
Saint Louis,UCLA,0.29569946200400754
Saint Louis,Miami (FL),0.4214555397537525
Saint Louis,Georgia,0.4296837605232033
Saint Louis,Clemson,0.3497890532852435
Saint Louis,Villanova,0.41078917697411366
Saint Louis,SMU,0.5329074636184082
Saint Louis,TCU,0.5166567695376967
Saint Louis,Auburn,0.378739014451081
Saint Louis,Santa Clara,0.3619838217519917
Saint Louis,Indiana,0.3207824132983373
Saint Louis,Texas,0.4495145787361067
Saint Louis,Texas A&M,0.4072816291868193
Saint Louis,VCU,0.547198324269579
Saint Louis,San Diego St.,0.42946184143307015
Saint Louis,New Mexico,0.5392691099377573
Saint Louis,Oklahoma,0.3714976167886807
Saint Louis,Cincinnati,0.2593565062456312
Saint Louis,Tulsa,0.6426320680126684
Saint Louis,Baylor,0.41844168672449955
Saint Louis,UCF,0.5838193711474875
Saint Louis,Akron,0.6791895580888927
Saint Louis,Seton Hall,0.5365460701279098
Saint Louis,Virginia Tech,0.5030682092255445
Saint Louis,Washington,0.4292301422074519
Saint Louis,Missouri,0.4597370288478313
Saint Louis,West Virginia,0.524249100035774
Saint Louis,Boise St.,0.49721279508817623
Saint Louis,Stanford,0.5436450141876377
Saint Louis,Florida St.,0.4632732332720153
Saint Louis,Belmont,0.7071209015134924
Saint Louis,Miami (OH),0.7916245723997801
Saint Louis,Northwestern,0.4917636652932271
Saint Louis,Yale,0.7690380233577464
Saint Louis,Wake Forest,0.5487153423853588
Saint Louis,California,0.6150924470355341
Ohio St.,UCLA,0.5521718624567593
Ohio St.,Miami (FL),0.6823329514894035
Ohio St.,Georgia,0.6930238001748844
Ohio St.,Clemson,0.6167264992763273
Ohio St.,Villanova,0.6758053275203182
Ohio St.,SMU,0.8211853157957522
Ohio St.,TCU,0.7655082390666155
Ohio St.,Auburn,0.6424563420638234
Ohio St.,Santa Clara,0.6211832285356765
Ohio St.,Indiana,0.5872492634926263
Ohio St.,Texas,0.7109735713780158
Ohio St.,Texas A&M,0.6757417641604263
Ohio St.,VCU,0.7769658178460792
Ohio St.,San Diego St.,0.7082003471631532
Ohio St.,New Mexico,0.7793339172058676
Ohio St.,Oklahoma,0.6373300113980689
Ohio St.,Cincinnati,0.5208231106034816
Ohio St.,Tulsa,0.8327805276534037
Ohio St.,Baylor,0.6837542694278951
Ohio St.,UCF,0.8107129557124565
Ohio St.,Akron,0.8503118520317973
Ohio St.,Seton Hall,0.7859723855173131
Ohio St.,Virginia Tech,0.7552603592776854
Ohio St.,Washington,0.6990278731386678
Ohio St.,Missouri,0.7168015525692608
Ohio St.,West Virginia,0.7716522023148888
Ohio St.,Boise St.,0.7464381160093725
Ohio St.,Stanford,0.7847374463847453
Ohio St.,Florida St.,0.7252520240278059
Ohio St.,Belmont,0.8700973181087523
Ohio St.,Miami (OH),0.9046320491695291
Ohio St.,Northwestern,0.7480198751775445
Ohio St.,Yale,0.8981002145114155
Ohio St.,Wake Forest,0.7891680695529474
Ohio St.,California,0.8298771492693789
UCLA,Miami (FL),0.6363539189760965
UCLA,Georgia,0.6491186128045274
UCLA,Clemson,0.5650899008284013
UCLA,Villanova,0.6278903030364772
UCLA,SMU,0.8198882335113266
UCLA,TCU,0.7257163417776535
UCLA,Auburn,0.5897279831508632
UCLA,Santa Clara,0.5728385563574725
UCLA,Indiana,0.5380220341238254
UCLA,Texas,0.6705701024656926
UCLA,Texas A&M,0.6296658249548215
UCLA,VCU,0.7396314632129226
UCLA,San Diego St.,0.6703278048836392
UCLA,New Mexico,0.7438212908557522
UCLA,Oklahoma,0.5900794914308469
UCLA,Cincinnati,0.4686199967597362
UCLA,Tulsa,0.8035508329656426
UCLA,Baylor,0.6382859291435373
UCLA,UCF,0.7770407498626675
UCLA,Akron,0.8259753164140836
UCLA,Seton Hall,0.7495304671870826
UCLA,Virginia Tech,0.7155409103100772
UCLA,Washington,0.6534236315969392
UCLA,Missouri,0.6722208820234572
UCLA,West Virginia,0.7308993115001591
UCLA,Boise St.,0.7052023433434236
UCLA,Stanford,0.7480451289565119
UCLA,Florida St.,0.6835219589048581
UCLA,Belmont,0.8466719983706664
UCLA,Miami (OH),0.8866780540171997
UCLA,Northwestern,0.7060515275282029
UCLA,Yale,0.8785029594467283
UCLA,Wake Forest,0.7528800808453829
UCLA,California,0.7992567145859477
Miami (FL),Georgia,0.5113462813865385
Miami (FL),Clemson,0.4256912430371683
Miami (FL),Villanova,0.4905708244922437
Miami (FL),SMU,0.7348128885457769
Miami (FL),TCU,0.5977479145425623
Miami (FL),Auburn,0.4477621244125718
Miami (FL),Santa Clara,0.43554751200272923
Miami (FL),Indiana,0.400201299389142
Miami (FL),Texas,0.5397342162890081
Miami (FL),Texas A&M,0.4887632254232306
Miami (FL),VCU,0.6194079299005856
Miami (FL),San Diego St.,0.5350400761144352
Miami (FL),New Mexico,0.6219756442710305
Miami (FL),Oklahoma,0.4531947806289736
Miami (FL),Cincinnati,0.330620662997246
Miami (FL),Tulsa,0.7049785213378673
Miami (FL),Baylor,0.5008618487584323
Miami (FL),UCF,0.661834488808537
Miami (FL),Akron,0.7378543341740322
Miami (FL),Seton Hall,0.6262181770349391
Miami (FL),Virginia Tech,0.5871145681110579
Miami (FL),Washington,0.5141880912172293
Miami (FL),Missouri,0.5385206476751426
Miami (FL),West Virginia,0.6049392781605566
Miami (FL),Boise St.,0.5770171243155549
Miami (FL),Stanford,0.6261611823049239
Miami (FL),Florida St.,0.5482158740725691
Miami (FL),Belmont,0.7630464630392202
Miami (FL),Miami (OH),0.8242078153188939
Miami (FL),Northwestern,0.5751469850720203
Miami (FL),Yale,0.8114456403568069
Miami (FL),Wake Forest,0.6307468875969267
Miami (FL),California,0.6915780054371309
Georgia,Clemson,0.42072656263003066
Georgia,Villanova,0.48573349474966754
Georgia,SMU,0.6548645782943548
Georgia,TCU,0.5920681956277175
Georgia,Auburn,0.4494095094996373
Georgia,Santa Clara,0.4252730803884326
Georgia,Indiana,0.3907648308164521
Georgia,Texas,0.5265902720729471
Georgia,Texas A&M,0.4787093758238333
Georgia,VCU,0.6117330824063253
Georgia,San Diego St.,0.5124757701678956
Georgia,New Mexico,0.6104518886174116
Georgia,Oklahoma,0.4445211393227103
Georgia,Cincinnati,0.32219748648260604
Georgia,Tulsa,0.6971753049057628
Georgia,Baylor,0.4938537623306961
Georgia,UCF,0.6565213606339132
Georgia,Akron,0.7228946442809671
Georgia,Seton Hall,0.6186745830663892
Georgia,Virginia Tech,0.5803615275727769
Georgia,Washington,0.508926669066803
Georgia,Missouri,0.5340355446283226
Georgia,West Virginia,0.6042889867853182
Georgia,Boise St.,0.5722474481205077
Georgia,Stanford,0.6204447469494788
Georgia,Florida St.,0.5386110884725059
Georgia,Belmont,0.7550156039690554
Georgia,Miami (OH),0.816838362828629
Georgia,Northwestern,0.5729554275816182
Georgia,Yale,0.8070727150364551
Georgia,Wake Forest,0.6256900588114912
Georgia,California,0.6849751538995426
Clemson,Villanova,0.56503377125771
Clemson,SMU,0.757367645946444
Clemson,TCU,0.6666843332619403
Clemson,Auburn,0.5280954881657853
Clemson,Santa Clara,0.5130782931131284
Clemson,Indiana,0.4730454284319162
Clemson,Texas,0.6087359563614598
Clemson,Texas A&M,0.5675316095497674
Clemson,VCU,0.685548547094253
Clemson,San Diego St.,0.6015642931866747
Clemson,New Mexico,0.6867554337951928
Clemson,Oklahoma,0.5264553778630698
Clemson,Cincinnati,0.4021294915925321
Clemson,Tulsa,0.7573357407221825
Clemson,Baylor,0.5749394807147302
Clemson,UCF,0.7254247659285887
Clemson,Akron,0.7829427451514301
Clemson,Seton Hall,0.686964401147544
Clemson,Virginia Tech,0.6548139618542771
Clemson,Washington,0.5867480099176465
Clemson,Missouri,0.6110553986389619
Clemson,West Virginia,0.6664687931965988
Clemson,Boise St.,0.6439405280077943
Clemson,Stanford,0.6901180809860451
Clemson,Florida St.,0.621661726689312
Clemson,Belmont,0.8072432239243648
Clemson,Miami (OH),0.8567486877769582
Clemson,Northwestern,0.6420383822084587
Clemson,Yale,0.8448453653112976
Clemson,Wake Forest,0.6952315904001749
Clemson,California,0.747450373455479
Villanova,SMU,0.7485798700226283
Villanova,TCU,0.6068312352383028
Villanova,Auburn,0.459597725854587
Villanova,Santa Clara,0.4458311622628854
Villanova,Indiana,0.4105003431199716
Villanova,Texas,0.5501657091725788
Villanova,Texas A&M,0.5013972706675556
Villanova,VCU,0.6260082137005987
Villanova,San Diego St.,0.5454283595938145
Villanova,New Mexico,0.6302713760516759
Villanova,Oklahoma,0.4637105456278981
Villanova,Cincinnati,0.33989745991969494
Villanova,Tulsa,0.7073732020587213
Villanova,Baylor,0.5122130307321829
Villanova,UCF,0.6721376156445292
Villanova,Akron,0.7368028953284768
Villanova,Seton Hall,0.6330321568477756
Villanova,Virginia Tech,0.5963705560094897
Villanova,Washington,0.5247119216208875
Villanova,Missouri,0.5477357273503508
Villanova,West Virginia,0.608978276917084
Villanova,Boise St.,0.5843312740587276
Villanova,Stanford,0.6348618466435947
Villanova,Florida St.,0.5600742825873587
Villanova,Belmont,0.76487172233351
Villanova,Miami (OH),0.8201872215874955
Villanova,Northwestern,0.5836333004644566
Villanova,Yale,0.8090539252235077
Villanova,Wake Forest,0.6404359965079478
Villanova,California,0.6980196056847082
SMU,TCU,0.6107271304926808
SMU,Auburn,0.4870303401915548
SMU,Santa Clara,0.447022517015128
SMU,Indiana,0.40280239260967354
SMU,Texas,0.5324447096126653
SMU,Texas A&M,0.5025852837843008
SMU,VCU,0.6305346335448618
SMU,San Diego St.,0.5011191693347818
SMU,New Mexico,0.6218848345714377
SMU,Oklahoma,0.45837953317303515
SMU,Cincinnati,0.33680246336462705
SMU,Tulsa,0.7075889240201017
SMU,Baylor,0.5134780117150038
SMU,UCF,0.6765096096486828
SMU,Akron,0.7224411927926229
SMU,Seton Hall,0.6223990940137254
SMU,Virginia Tech,0.5952146776953253
SMU,Washington,0.5270735884580268
SMU,Missouri,0.5549063364001964
SMU,West Virginia,0.614176936873165
SMU,Boise St.,0.5874575418769945
SMU,Stanford,0.6346427231603244
SMU,Florida St.,0.5584493496762584
SMU,Belmont,0.762842528048403
SMU,Miami (OH),0.8229173855674177
SMU,Northwestern,0.5890452890343317
SMU,Yale,0.8102525994502171
SMU,Wake Forest,0.6431437172722125
SMU,California,0.6956298999280832
TCU,Auburn,0.36821950438843537
TCU,Santa Clara,0.34915567150130256
TCU,Indiana,0.31184617239452844
TCU,Texas,0.4390240162622375
TCU,Texas A&M,0.3966119073335078
TCU,VCU,0.5243428369196996
TCU,San Diego St.,0.4181828746924744
TCU,New Mexico,0.520473146099185
TCU,Oklahoma,0.3618552463596602
TCU,Cincinnati,0.2487038062320338
TCU,Tulsa,0.6133015747038935
TCU,Baylor,0.4076928660389367
TCU,UCF,0.5715604413435956
TCU,Akron,0.6410365035108211
TCU,Seton Hall,0.517224191553899
TCU,Virginia Tech,0.48771736323694664
TCU,Washington,0.41617728407848426
TCU,Missouri,0.4443839691984335
TCU,West Virginia,0.4989334329135104
TCU,Boise St.,0.47806661134382283
TCU,Stanford,0.5277192937442245
TCU,Florida St.,0.45106766246482277
TCU,Belmont,0.678784047805844
TCU,Miami (OH),0.7511673897783779
TCU,Northwestern,0.4754613248708573
TCU,Yale,0.7352595225393441
TCU,Wake Forest,0.5340023443900778
TCU,California,0.5947532342199116
Auburn,Santa Clara,0.45842908104287794
Auburn,Indiana,0.4155453903930656
Auburn,Texas,0.5461106720123754
Auburn,Texas A&M,0.516281627791668
Auburn,VCU,0.6407349724899063
Auburn,San Diego St.,0.5164358434173201
Auburn,New Mexico,0.6341264871623625
Auburn,Oklahoma,0.4714104941041152
Auburn,Cincinnati,0.3487153746094912
Auburn,Tulsa,0.7151749248468094
Auburn,Baylor,0.5272724509401239
Auburn,UCF,0.6890570129200824
Auburn,Akron,0.7279318724021306
Auburn,Seton Hall,0.6357367050903708
Auburn,Virginia Tech,0.6084317037449342
Auburn,Washington,0.5413953091853654
Auburn,Missouri,0.5673425814080245
Auburn,West Virginia,0.625887117405228
Auburn,Boise St.,0.5995619982295748
Auburn,Stanford,0.6475376859595185
Auburn,Florida St.,0.5725800280324119
Auburn,Belmont,0.7695445782007789
Auburn,Miami (OH),0.8247678543487699
Auburn,Northwestern,0.602586172040821
Auburn,Yale,0.8141703285271443
Auburn,Wake Forest,0.6565123088678172
Auburn,California,0.7069116361035082
Santa Clara,Indiana,0.4594181352246535
Santa Clara,Texas,0.5949765548184247
Santa Clara,Texas A&M,0.5543753553364011
Santa Clara,VCU,0.6825025820591082
Santa Clara,San Diego St.,0.5832312882211071
Santa Clara,New Mexico,0.6801011549838655
Santa Clara,Oklahoma,0.5139221583182803
Santa Clara,Cincinnati,0.39122357115889844
Santa Clara,Tulsa,0.7589494034987105
Santa Clara,Baylor,0.5650658773740618
Santa Clara,UCF,0.7194387545578561
Santa Clara,Akron,0.7849768119766404
Santa Clara,Seton Hall,0.684389764654749
Santa Clara,Virginia Tech,0.6491077001839244
Santa Clara,Washington,0.5804849440027112
Santa Clara,Missouri,0.6053604477737947
Santa Clara,West Virginia,0.6713508859588837
Santa Clara,Boise St.,0.6415673945995096
Santa Clara,Stanford,0.6860453176313255
Santa Clara,Florida St.,0.6115739179964085
Santa Clara,Belmont,0.8090728712522799
Santa Clara,Miami (OH),0.8647830725190548
Santa Clara,Northwestern,0.6405590298367503
Santa Clara,Yale,0.8519900678247073
Santa Clara,Wake Forest,0.691293377675178
Santa Clara,California,0.7460932950422955
Indiana,Texas,0.6261293148024112
Indiana,Texas A&M,0.6037334523433512
Indiana,VCU,0.7190350661075856
Indiana,San Diego St.,0.5982014503559004
Indiana,New Mexico,0.7109656941738206
Indiana,Oklahoma,0.5553455994875474
Indiana,Cincinnati,0.43421493383984333
Indiana,Tulsa,0.7824256712908861
Indiana,Baylor,0.6102052823835818
Indiana,UCF,0.7571310871152063
Indiana,Akron,0.7956286126059139
Indiana,Seton Hall,0.7098915079691324
Indiana,Virginia Tech,0.685965827708084
Indiana,Washington,0.623784926652317
Indiana,Missouri,0.6499317186465288
Indiana,West Virginia,0.702413981793174
Indiana,Boise St.,0.678489493203064
Indiana,Stanford,0.7204275293571683
Indiana,Florida St.,0.6543787907414308
Indiana,Belmont,0.8271687767819598
Indiana,Miami (OH),0.875190190745261
Indiana,Northwestern,0.6792846955776743
Indiana,Yale,0.8630626837895718
Indiana,Wake Forest,0.7280832466568535
Indiana,California,0.7729627130794058
Texas,Texas A&M,0.47193453507917
Texas,VCU,0.6035635813693092
Texas,San Diego St.,0.46765288763820206
Texas,New Mexico,0.5936475686433618
Texas,Oklahoma,0.4258977777624128
Texas,Cincinnati,0.30788503354721153
Texas,Tulsa,0.6851394747064252
Texas,Baylor,0.4817006022243059
Texas,UCF,0.6487957907518127
Texas,Akron,0.7037338063657943
Texas,Seton Hall,0.5904883905485379
Texas,Virginia Tech,0.5642395802448135
Texas,Washington,0.49460142108699956
Texas,Missouri,0.5232032501985756
Texas,West Virginia,0.5820753438749502
Texas,Boise St.,0.5566311086287006
Texas,Stanford,0.6047155682615498
Texas,Florida St.,0.5282010522887219
Texas,Belmont,0.7439139618395418
Texas,Miami (OH),0.811668102429548
Texas,Northwestern,0.5569309348874415
Texas,Yale,0.7944707948957905
Texas,Wake Forest,0.6140736192617009
Texas,California,0.6693574080184168
Texas A&M,VCU,0.6295489095428449
Texas A&M,San Diego St.,0.519240823205119
Texas A&M,New Mexico,0.6244494860768489
Texas A&M,Oklahoma,0.4622625504637828
Texas A&M,Cincinnati,0.3391730886185663
Texas A&M,Tulsa,0.7097637697483571
Texas A&M,Baylor,0.5124116103661552
Texas A&M,UCF,0.6727540444152265
Texas A&M,Akron,0.7312137761938982
Texas A&M,Seton Hall,0.6282925285982626
Texas A&M,Virginia Tech,0.5956893012129086
Texas A&M,Washington,0.5256630338012164
Texas A&M,Missouri,0.5533787628007684
Texas A&M,West Virginia,0.6163626481601479
Texas A&M,Boise St.,0.587943250249994
Texas A&M,Stanford,0.6345444292643887
Texas A&M,Florida St.,0.5564423497959718
Texas A&M,Belmont,0.7649536978174188
Texas A&M,Miami (OH),0.8250790472003502
Texas A&M,Northwestern,0.5876887386026287
Texas A&M,Yale,0.8138763052796248
Texas A&M,Wake Forest,0.6402542397707113
Texas A&M,California,0.696302672691853
VCU,San Diego St.,0.37797091086921797
VCU,New Mexico,0.49105589070234107
VCU,Oklahoma,0.3293993262733215
VCU,Cincinnati,0.22377003800144302
VCU,Tulsa,0.5953747387060858
VCU,Baylor,0.3757707969959152
VCU,UCF,0.5404605983226897
VCU,Akron,0.6290036664937326
VCU,Seton Hall,0.4846840660301514
VCU,Virginia Tech,0.45614895009254214
VCU,Washington,0.38472176303577715
VCU,Missouri,0.4144407243891421
VCU,West Virginia,0.47217413461481705
VCU,Boise St.,0.44950117234395315
VCU,Stanford,0.49668027649800356
VCU,Florida St.,0.41921180574905054
VCU,Belmont,0.6635194971066984
VCU,Miami (OH),0.752319268258761
VCU,Northwestern,0.44489350215973555
VCU,Yale,0.7276818190693799
VCU,Wake Forest,0.5034415562421474
VCU,California,0.567896835810678
San Diego St.,New Mexico,0.62036840779418
San Diego St.,Oklahoma,0.46174028929201283
San Diego St.,Cincinnati,0.33990356957735685
San Diego St.,Tulsa,0.7083918184751086
San Diego St.,Baylor,0.5130823299105873
San Diego St.,UCF,0.6727510959109771
San Diego St.,Akron,0.7260877549758461
San Diego St.,Seton Hall,0.6144028668995226
San Diego St.,Virginia Tech,0.5916368401825969
San Diego St.,Washington,0.5223833070662237
San Diego St.,Missouri,0.5553918965573429
San Diego St.,West Virginia,0.6059842668916318
San Diego St.,Boise St.,0.5845962239517039
San Diego St.,Stanford,0.629355777994458
San Diego St.,Florida St.,0.5566472120652375
San Diego St.,Belmont,0.7623770290364317
San Diego St.,Miami (OH),0.8258633268895126
San Diego St.,Northwestern,0.5814987481237374
San Diego St.,Yale,0.8093794762343212
San Diego St.,Wake Forest,0.6360946167287411
San Diego St.,California,0.6895698653559964
New Mexico,Oklahoma,0.3424988883539245
New Mexico,Cincinnati,0.23459165044456698
New Mexico,Tulsa,0.6048476276845184
New Mexico,Baylor,0.3914290391386159
New Mexico,UCF,0.5571699716668084
New Mexico,Akron,0.6273418524775084
New Mexico,Seton Hall,0.4912428095306517
New Mexico,Virginia Tech,0.4694855644230796
New Mexico,Washington,0.399600704837531
New Mexico,Missouri,0.4326712596905197
New Mexico,West Virginia,0.48523578625198827
New Mexico,Boise St.,0.46401227373676324
New Mexico,Stanford,0.5098151369049951
New Mexico,Florida St.,0.43326539731736974
New Mexico,Belmont,0.6699245066254548
New Mexico,Miami (OH),0.755829038511488
New Mexico,Northwestern,0.4602293734643853
New Mexico,Yale,0.7322386339393795
New Mexico,Wake Forest,0.5177807119866189
New Mexico,California,0.5775588628534658
Oklahoma,Cincinnati,0.3784629785445418
Oklahoma,Tulsa,0.7447431916769707
Oklahoma,Baylor,0.5574098268419225
Oklahoma,UCF,0.7156758887441498
Oklahoma,Akron,0.7595507045330832
Oklahoma,Seton Hall,0.6630923868859494
Oklahoma,Virginia Tech,0.6376482605033235
Oklahoma,Washington,0.5716904781323747
Oklahoma,Missouri,0.5984569292216285
Oklahoma,West Virginia,0.655459441128248
Oklahoma,Boise St.,0.6298925013968211
Oklahoma,Stanford,0.6753897904958082
Oklahoma,Florida St.,0.6038163522449242
Oklahoma,Belmont,0.7956788745211693
Oklahoma,Miami (OH),0.851454413951698
Oklahoma,Northwestern,0.6312948900214352
Oklahoma,Yale,0.8373847121408605
Oklahoma,Wake Forest,0.6844117528051874
Oklahoma,California,0.7336960658386182
Cincinnati,Tulsa,0.8192046865867516
Cincinnati,Baylor,0.6672438895775552
Cincinnati,UCF,0.7983381457896305
Cincinnati,Akron,0.8268273556836895
Cincinnati,Seton Hall,0.7500362058139405
Cincinnati,Virginia Tech,0.7336741952127994
Cincinnati,Washington,0.6776150148475774
Cincinnati,Missouri,0.7067349251559069
Cincinnati,West Virginia,0.7476797060086054
Cincinnati,Boise St.,0.7282220928360793
Cincinnati,Stanford,0.7635847050130345
Cincinnati,Florida St.,0.7059391307544869
Cincinnati,Belmont,0.8560990100172085
Cincinnati,Miami (OH),0.8981181076871336
Cincinnati,Northwestern,0.7270518020547944
Cincinnati,Yale,0.8865350947620262
Cincinnati,Wake Forest,0.7698952756538474
Cincinnati,California,0.8081601000688339
Tulsa,Baylor,0.2841468396202417
Tulsa,UCF,0.4389897891081977
Tulsa,Akron,0.5314708019189469
Tulsa,Seton Hall,0.3696751869748189
Tulsa,Virginia Tech,0.3533721255845279
Tulsa,Washington,0.28982736817485444
Tulsa,Missouri,0.3200360122745982
Tulsa,West Virginia,0.3659192825167678
Tulsa,Boise St.,0.3498471919498347
Tulsa,Stanford,0.3915236311855345
Tulsa,Florida St.,0.32238507817709894
Tulsa,Belmont,0.5724930173244348
Tulsa,Miami (OH),0.6861160733061716
Tulsa,Northwestern,0.3438713843643404
Tulsa,Yale,0.6468113159547431
Tulsa,Wake Forest,0.4006389251616913
Tulsa,California,0.46158707972393825
Baylor,UCF,0.6664760257402618
Baylor,Akron,0.7043656918410219
Baylor,Seton Hall,0.5992637552918624
Baylor,Virginia Tech,0.5796335423934749
Baylor,Washington,0.5126686628780832
Baylor,Missouri,0.5436980719066921
Baylor,West Virginia,0.597837820029351
Baylor,Boise St.,0.573364298691785
Baylor,Stanford,0.6197168699299826
Baylor,Florida St.,0.5447820954311247
Baylor,Belmont,0.7517646179814869
Baylor,Miami (OH),0.8171613926984147
Baylor,Northwestern,0.5750315617978536
Baylor,Yale,0.8005727509797399
Baylor,Wake Forest,0.6305801854617682
Baylor,California,0.6808606905626611
UCF,Akron,0.5647129311749528
UCF,Seton Hall,0.4441681522774795
UCF,Virginia Tech,0.415550555594613
UCF,Washington,0.34798742235095365
UCF,Missouri,0.37321150976228573
UCF,West Virginia,0.4282743883573064
UCF,Boise St.,0.406674298535406
UCF,Stanford,0.45591646044399636
UCF,Florida St.,0.37889051239240523
UCF,Belmont,0.6104556143006348
UCF,Miami (OH),0.6878076946110672
UCF,Northwestern,0.40658438642004574
UCF,Yale,0.674371296793819
UCF,Wake Forest,0.46332155574486944
UCF,California,0.5232676606037303
Akron,Seton Hall,0.32659346881924795
Akron,Virginia Tech,0.3098182121672536
Akron,Washington,0.2493600217341383
Akron,Missouri,0.2790250539116063
Akron,West Virginia,0.32249833341286027
Akron,Boise St.,0.3078426795657861
Akron,Stanford,0.3450859015851245
Akron,Florida St.,0.27963272874227785
Akron,Belmont,0.5325385045355799
Akron,Miami (OH),0.6585915881564525
Akron,Northwestern,0.29912840191557555
Akron,Yale,0.6139412918822071
Akron,Wake Forest,0.3513794210351153
Akron,California,0.4136708809007581
Seton Hall,Virginia Tech,0.48413301566249084
Seton Hall,Washington,0.41487488993424115
Seton Hall,Missouri,0.44870307736424075
Seton Hall,West Virginia,0.4887505914350086
Seton Hall,Boise St.,0.4755807441903812
Seton Hall,Stanford,0.5230807211995505
Seton Hall,Florida St.,0.45239269942862276
Seton Hall,Belmont,0.6731898562907562
Seton Hall,Miami (OH),0.7483084167415913
Seton Hall,Northwestern,0.47150407731880567
Seton Hall,Yale,0.7263977007440184
Seton Hall,Wake Forest,0.5317623588805998
Seton Hall,California,0.586729214195575
Virginia Tech,Washington,0.43095787536173313
Virginia Tech,Missouri,0.46279051518291614
Virginia Tech,West Virginia,0.5126445709742876
Virginia Tech,Boise St.,0.4927125177218934
Virginia Tech,Stanford,0.5405363579840416
Virginia Tech,Florida St.,0.46546857799465946
Virginia Tech,Belmont,0.6890784178548944
Virginia Tech,Miami (OH),0.7646748978978994
Virginia Tech,Northwestern,0.4915175130979053
Virginia Tech,Yale,0.744675171375458
Virginia Tech,Wake Forest,0.5503301235543051
Virginia Tech,California,0.6056644569161128
Washington,Missouri,0.5342104878047521
Washington,West Virginia,0.5794644843065396
Washington,Boise St.,0.5599247590080842
Washington,Stanford,0.6057390453778259
Washington,Florida St.,0.5335434214829797
Washington,Belmont,0.7377296590707281
Washington,Miami (OH),0.8035253650169857
Washington,Northwestern,0.5605018077387571
Washington,Yale,0.7858202659770482
Washington,Wake Forest,0.6170130566101768
Washington,California,0.6650639638729974
Missouri,West Virginia,0.5569531382214584
Missouri,Boise St.,0.5337776233929642
Missouri,Stanford,0.5831196630851704
Missouri,Florida St.,0.5069536866882879
Missouri,Belmont,0.7259098121077856
Missouri,Miami (OH),0.793866775939329
Missouri,Northwestern,0.532778414194425
Missouri,Yale,0.7772284763640341
Missouri,Wake Forest,0.5911937121247138
Missouri,California,0.6487323226054013
West Virginia,Boise St.,0.4900955007210583
West Virginia,Stanford,0.5367956558433675
West Virginia,Florida St.,0.4694816983795113
West Virginia,Belmont,0.6877824700422436
West Virginia,Miami (OH),0.7655705090388721
West Virginia,Northwestern,0.4851585323674037
West Virginia,Yale,0.7381319231227347
West Virginia,Wake Forest,0.547521395658462
West Virginia,California,0.6000020236725139
Boise St.,Stanford,0.5467866982265682
Boise St.,Florida St.,0.4736752218521116
Boise St.,Belmont,0.6982688416114096
Boise St.,Miami (OH),0.7779121524159531
Boise St.,Northwestern,0.4978281127544671
Boise St.,Yale,0.753063861807511
Boise St.,Wake Forest,0.5579241111164565
Boise St.,California,0.612285007475262
Stanford,Florida St.,0.4258974155046817
Stanford,Belmont,0.6531143808333412
Stanford,Miami (OH),0.7330562398712602
Stanford,Northwestern,0.45094307121055854
Stanford,Yale,0.7117864477897129
Stanford,Wake Forest,0.5100947319321995
Stanford,California,0.5655281067673016
Florida St.,Belmont,0.719103804099561
Florida St.,Miami (OH),0.7914166388456255
Florida St.,Northwestern,0.5315994285268254
Florida St.,Yale,0.7742194542728215
Florida St.,Wake Forest,0.5869970850570095
Florida St.,California,0.6406843449351919
Belmont,Miami (OH),0.6202763856439526
Belmont,Northwestern,0.2792152278283804
Belmont,Yale,0.5788530122505844
Belmont,Wake Forest,0.3303179400994034
Belmont,California,0.3876804983628131
Miami (OH),Northwestern,0.1744513202227108
Miami (OH),Yale,0.4530807582723582
Miami (OH),Wake Forest,0.21249476205232334
Miami (OH),California,0.26275518664322556
Northwestern,Yale,0.7418295922750399
Northwestern,Wake Forest,0.5599947887420956
Northwestern,California,0.6084739039745755
Yale,Wake Forest,0.26104832096618424
Yale,California,0.3116875045070492
Wake Forest,California,0.5517698892643867
