team_a,team_b,calibrated_prob_a_wins
Duke,Michigan,0.6444444444444445
Duke,Arizona,0.7326797385620916
Duke,Florida,0.5289855072463768
Duke,Houston,0.5507246376811594
Duke,Gonzaga,0.8398692810457516
Duke,Iowa St.,0.5632992327365729
Duke,Illinois,0.5507246376811594
Duke,Purdue,0.7009803921568628
Duke,UConn,0.8398692810457516
Duke,Michigan St.,0.8398692810457516
Duke,Virginia,0.8398692810457516
Duke,Nebraska,0.8676470588235294
Duke,Vanderbilt,0.8398692810457516
Duke,Louisville,0.7892156862745098
Duke,Arkansas,0.8676470588235294
Duke,Alabama,0.8398692810457516
Duke,Texas Tech,0.7892156862745098
Duke,Tennessee,0.7892156862745098
Duke,Kansas,0.8398692810457516
Duke,BYU,0.8676470588235294
Duke,North Carolina,0.8676470588235294
Duke,Wisconsin,0.8398692810457516
Duke,Iowa,0.8398692810457516
Duke,Utah St.,0.8676470588235294
Duke,Kentucky,0.8676470588235294
Duke,Saint Louis,0.8676470588235294
Duke,Ohio St.,0.7892156862745098
Duke,UCLA,0.8398692810457516
Duke,Miami (FL),0.8676470588235294
Duke,Georgia,0.8676470588235294
Duke,Clemson,0.8676470588235294
Duke,Villanova,0.8676470588235294
Duke,SMU,0.6666666666666666
Duke,TCU,0.8676470588235294
Duke,Auburn,0.7892156862745098
Duke,Santa Clara,0.8676470588235294
Duke,Indiana,0.8398692810457516
Duke,Texas,0.8676470588235294
Duke,Texas A&M,0.8676470588235294
Duke,VCU,0.8676470588235294
Duke,San Diego St.,0.8676470588235294
Duke,New Mexico,0.8676470588235294
Duke,Oklahoma,0.8676470588235294
Duke,Cincinnati,0.7892156862745098
Duke,Tulsa,0.8676470588235294
Duke,Baylor,0.8676470588235294
Duke,UCF,0.8676470588235294
Duke,Akron,0.8676470588235294
Duke,Seton Hall,0.8676470588235294
Duke,Virginia Tech,0.8676470588235294
Duke,Washington,0.8676470588235294
Duke,Missouri,0.8676470588235294
Duke,West Virginia,0.8676470588235294
Duke,Boise St.,0.8676470588235294
Duke,Stanford,0.8676470588235294
Duke,Florida St.,0.8676470588235294
Duke,Belmont,0.8676470588235294
Duke,Miami (OH),0.8676470588235294
Duke,Northwestern,0.8676470588235294
Duke,Yale,0.8676470588235294
Duke,Wake Forest,0.8676470588235294
Duke,California,0.8676470588235294
Michigan,Arizona,0.7326797385620916
Michigan,Florida,0.5289855072463768
Michigan,Houston,0.5507246376811594
Michigan,Gonzaga,0.7892156862745098
Michigan,Iowa St.,0.5632992327365729
Michigan,Illinois,0.5381473916775846
Michigan,Purdue,0.5632992327365729
Michigan,UConn,0.7892156862745098
Michigan,Michigan St.,0.7892156862745098
Michigan,Virginia,0.8398692810457516
Michigan,Nebraska,0.8398692810457516
Michigan,Vanderbilt,0.7892156862745098
Michigan,Louisville,0.7892156862745098
Michigan,Arkansas,0.8398692810457516
Michigan,Alabama,0.8398692810457516
Michigan,Texas Tech,0.7009803921568628
Michigan,Tennessee,0.7009803921568628
Michigan,Kansas,0.8398692810457516
Michigan,BYU,0.8676470588235294
Michigan,North Carolina,0.8676470588235294
Michigan,Wisconsin,0.8398692810457516
Michigan,Iowa,0.7892156862745098
Michigan,Utah St.,0.8676470588235294
Michigan,Kentucky,0.8676470588235294
Michigan,Saint Louis,0.8676470588235294
Michigan,Ohio St.,0.7892156862745098
Michigan,UCLA,0.8398692810457516
Michigan,Miami (FL),0.8676470588235294
Michigan,Georgia,0.8676470588235294
Michigan,Clemson,0.8676470588235294
Michigan,Villanova,0.8676470588235294
Michigan,SMU,0.6666666666666666
Michigan,TCU,0.8676470588235294
Michigan,Auburn,0.7892156862745098
Michigan,Santa Clara,0.8398692810457516
Michigan,Indiana,0.8398692810457516
Michigan,Texas,0.8676470588235294
Michigan,Texas A&M,0.8676470588235294
Michigan,VCU,0.8676470588235294
Michigan,San Diego St.,0.8676470588235294
Michigan,New Mexico,0.8676470588235294
Michigan,Oklahoma,0.8398692810457516
Michigan,Cincinnati,0.7892156862745098
Michigan,Tulsa,0.8676470588235294
Michigan,Baylor,0.8398692810457516
Michigan,UCF,0.8676470588235294
Michigan,Akron,0.8676470588235294
Michigan,Seton Hall,0.8676470588235294
Michigan,Virginia Tech,0.8676470588235294
Michigan,Washington,0.8676470588235294
Michigan,Missouri,0.8676470588235294
Michigan,West Virginia,0.8676470588235294
Michigan,Boise St.,0.8676470588235294
Michigan,Stanford,0.8676470588235294
Michigan,Florida St.,0.8676470588235294
Michigan,Belmont,0.8676470588235294
Michigan,Miami (OH),0.8676470588235294
Michigan,Northwestern,0.8676470588235294
Michigan,Yale,0.8676470588235294
Michigan,Wake Forest,0.8676470588235294
Michigan,California,0.8676470588235294
Arizona,Florida,0.48571428571428577
Arizona,Houston,0.5079365079365079
Arizona,Gonzaga,0.7892156862745098
Arizona,Iowa St.,0.5507246376811594
Arizona,Illinois,0.5079365079365079
Arizona,Purdue,0.5623188405797102
Arizona,UConn,0.7892156862745098
Arizona,Michigan St.,0.7892156862745098
Arizona,Virginia,0.7892156862745098
Arizona,Nebraska,0.8398692810457516
Arizona,Vanderbilt,0.7892156862745098
Arizona,Louisville,0.5632992327365729
Arizona,Arkansas,0.8398692810457516
Arizona,Alabama,0.7892156862745098
Arizona,Texas Tech,0.5632992327365729
Arizona,Tennessee,0.5632992327365729
Arizona,Kansas,0.7892156862745098
Arizona,BYU,0.8676470588235294
Arizona,North Carolina,0.8398692810457516
Arizona,Wisconsin,0.7892156862745098
Arizona,Iowa,0.7892156862745098
Arizona,Utah St.,0.8398692810457516
Arizona,Kentucky,0.8398692810457516
Arizona,Saint Louis,0.8676470588235294
Arizona,Ohio St.,0.7892156862745098
Arizona,UCLA,0.7892156862745098
Arizona,Miami (FL),0.8676470588235294
Arizona,Georgia,0.8676470588235294
Arizona,Clemson,0.8398692810457516
Arizona,Villanova,0.8676470588235294
Arizona,SMU,0.6666666666666666
Arizona,TCU,0.8676470588235294
Arizona,Auburn,0.7892156862745098
Arizona,Santa Clara,0.8398692810457516
Arizona,Indiana,0.7892156862745098
Arizona,Texas,0.8676470588235294
Arizona,Texas A&M,0.8398692810457516
Arizona,VCU,0.8676470588235294
Arizona,San Diego St.,0.8676470588235294
Arizona,New Mexico,0.8676470588235294
Arizona,Oklahoma,0.8398692810457516
Arizona,Cincinnati,0.7009803921568628
Arizona,Tulsa,0.8676470588235294
Arizona,Baylor,0.8398692810457516
Arizona,UCF,0.8676470588235294
Arizona,Akron,0.8676470588235294
Arizona,Seton Hall,0.8676470588235294
Arizona,Virginia Tech,0.8676470588235294
Arizona,Washington,0.8398692810457516
Arizona,Missouri,0.8676470588235294
Arizona,West Virginia,0.8676470588235294
Arizona,Boise St.,0.8676470588235294
Arizona,Stanford,0.8676470588235294
Arizona,Florida St.,0.8676470588235294
Arizona,Belmont,0.8676470588235294
Arizona,Miami (OH),0.8676470588235294
Arizona,Northwestern,0.8676470588235294
Arizona,Yale,0.8676470588235294
Arizona,Wake Forest,0.8676470588235294
Arizona,California,0.8676470588235294
Florida,Houston,0.5536277295472427
Florida,Gonzaga,0.8398692810457516
Florida,Iowa St.,0.7549019607843137
Florida,Illinois,0.5067632850241546
Florida,Purdue,0.7766410912190963
Florida,UConn,0.8398692810457516
Florida,Michigan St.,0.8398692810457516
Florida,Virginia,0.8676470588235294
Florida,Nebraska,0.8676470588235294
Florida,Vanderbilt,0.8398692810457516
Florida,Louisville,0.8398692810457516
Florida,Arkansas,0.8676470588235294
Florida,Alabama,0.8676470588235294
Florida,Texas Tech,0.7892156862745098
Florida,Tennessee,0.7892156862745098
Florida,Kansas,0.8676470588235294
Florida,BYU,0.8676470588235294
Florida,North Carolina,0.8676470588235294
Florida,Wisconsin,0.8398692810457516
Florida,Iowa,0.8398692810457516
Florida,Utah St.,0.8676470588235294
Florida,Kentucky,0.8676470588235294
Florida,Saint Louis,0.8676470588235294
Florida,Ohio St.,0.8398692810457516
Florida,UCLA,0.8676470588235294
Florida,Miami (FL),0.8676470588235294
Florida,Georgia,0.8676470588235294
Florida,Clemson,0.8676470588235294
Florida,Villanova,0.8676470588235294
Florida,SMU,0.6666666666666666
Florida,TCU,0.8676470588235294
Florida,Auburn,0.8676470588235294
Florida,Santa Clara,0.8676470588235294
Florida,Indiana,0.8676470588235294
Florida,Texas,0.8676470588235294
Florida,Texas A&M,0.8676470588235294
Florida,VCU,0.8676470588235294
Florida,San Diego St.,0.8676470588235294
Florida,New Mexico,0.8676470588235294
Florida,Oklahoma,0.8676470588235294
Florida,Cincinnati,0.8398692810457516
Florida,Tulsa,0.8676470588235294
Florida,Baylor,0.8676470588235294
Florida,UCF,0.8676470588235294
Florida,Akron,0.8676470588235294
Florida,Seton Hall,0.8676470588235294
Florida,Virginia Tech,0.8676470588235294
Florida,Washington,0.8676470588235294
Florida,Missouri,0.8676470588235294
Florida,West Virginia,0.8676470588235294
Florida,Boise St.,0.8676470588235294
Florida,Stanford,0.8676470588235294
Florida,Florida St.,0.8676470588235294
Florida,Belmont,0.8676470588235294
Florida,Miami (OH),0.8676470588235294
Florida,Northwestern,0.8676470588235294
Florida,Yale,0.8676470588235294
Florida,Wake Forest,0.8676470588235294
Florida,California,0.8676470588235294
Houston,Gonzaga,0.8398692810457516
Houston,Iowa St.,0.5067632850241546
Houston,Illinois,0.5067632850241546
Houston,Purdue,0.7549019607843137
Houston,UConn,0.8398692810457516
Houston,Michigan St.,0.8398692810457516
Houston,Virginia,0.8398692810457516
Houston,Nebraska,0.8676470588235294
Houston,Vanderbilt,0.8398692810457516
Houston,Louisville,0.7892156862745098
Houston,Arkansas,0.8676470588235294
Houston,Alabama,0.8676470588235294
Houston,Texas Tech,0.7892156862745098
Houston,Tennessee,0.7892156862745098
Houston,Kansas,0.8398692810457516
Houston,BYU,0.8676470588235294
Houston,North Carolina,0.8676470588235294
Houston,Wisconsin,0.8398692810457516
Houston,Iowa,0.8398692810457516
Houston,Utah St.,0.8676470588235294
Houston,Kentucky,0.8676470588235294
Houston,Saint Louis,0.8676470588235294
Houston,Ohio St.,0.8398692810457516
Houston,UCLA,0.8398692810457516
Houston,Miami (FL),0.8676470588235294
Houston,Georgia,0.8676470588235294
Houston,Clemson,0.8676470588235294
Houston,Villanova,0.8676470588235294
Houston,SMU,0.6666666666666666
Houston,TCU,0.8676470588235294
Houston,Auburn,0.8398692810457516
Houston,Santa Clara,0.8676470588235294
Houston,Indiana,0.8398692810457516
Houston,Texas,0.8676470588235294
Houston,Texas A&M,0.8676470588235294
Houston,VCU,0.8676470588235294
Houston,San Diego St.,0.8676470588235294
Houston,New Mexico,0.8676470588235294
Houston,Oklahoma,0.8676470588235294
Houston,Cincinnati,0.7892156862745098
Houston,Tulsa,0.8676470588235294
Houston,Baylor,0.8676470588235294
Houston,UCF,0.8676470588235294
Houston,Akron,0.8676470588235294
Houston,Seton Hall,0.8676470588235294
Houston,Virginia Tech,0.8676470588235294
Houston,Washington,0.8676470588235294
Houston,Missouri,0.8676470588235294
Houston,West Virginia,0.8676470588235294
Houston,Boise St.,0.8676470588235294
Houston,Stanford,0.8676470588235294
Houston,Florida St.,0.8676470588235294
Houston,Belmont,0.8676470588235294
Houston,Miami (OH),0.8676470588235294
Houston,Northwestern,0.8676470588235294
Houston,Yale,0.8676470588235294
Houston,Wake Forest,0.8676470588235294
Houston,California,0.8676470588235294
Gonzaga,Iowa St.,0.21197460414870795
Gonzaga,Illinois,0.21164021164021166
Gonzaga,Purdue,0.21626984126984128
Gonzaga,UConn,0.4039855072463768
Gonzaga,Michigan St.,0.5067632850241546
Gonzaga,Virginia,0.5067632850241546
Gonzaga,Nebraska,0.7326797385620916
Gonzaga,Vanderbilt,0.4039855072463768
Gonzaga,Louisville,0.5067632850241546
Gonzaga,Arkansas,0.7326797385620916
Gonzaga,Alabama,0.5067632850241546
Gonzaga,Texas Tech,0.48571428571428577
Gonzaga,Tennessee,0.48571428571428577
Gonzaga,Kansas,0.5067632850241546
Gonzaga,BYU,0.8398692810457516
Gonzaga,North Carolina,0.7892156862745098
Gonzaga,Wisconsin,0.5067632850241546
Gonzaga,Iowa,0.5507246376811594
Gonzaga,Utah St.,0.7892156862745098
Gonzaga,Kentucky,0.7892156862745098
Gonzaga,Saint Louis,0.8398692810457516
Gonzaga,Ohio St.,0.5289855072463768
Gonzaga,UCLA,0.5507246376811594
Gonzaga,Miami (FL),0.8398692810457516
Gonzaga,Georgia,0.8398692810457516
Gonzaga,Clemson,0.7892156862745098
Gonzaga,Villanova,0.7892156862745098
Gonzaga,SMU,0.6666666666666666
Gonzaga,TCU,0.8676470588235294
Gonzaga,Auburn,0.5632992327365729
Gonzaga,Santa Clara,0.7892156862745098
Gonzaga,Indiana,0.5632992327365729
Gonzaga,Texas,0.8398692810457516
Gonzaga,Texas A&M,0.7892156862745098
Gonzaga,VCU,0.8398692810457516
Gonzaga,San Diego St.,0.8398692810457516
Gonzaga,New Mexico,0.8676470588235294
Gonzaga,Oklahoma,0.7892156862745098
Gonzaga,Cincinnati,0.5632992327365729
Gonzaga,Tulsa,0.8676470588235294
Gonzaga,Baylor,0.7892156862745098
Gonzaga,UCF,0.8676470588235294
Gonzaga,Akron,0.8676470588235294
Gonzaga,Seton Hall,0.8676470588235294
Gonzaga,Virginia Tech,0.8398692810457516
Gonzaga,Washington,0.7892156862745098
Gonzaga,Missouri,0.8398692810457516
Gonzaga,West Virginia,0.8398692810457516
Gonzaga,Boise St.,0.8398692810457516
Gonzaga,Stanford,0.8676470588235294
Gonzaga,Florida St.,0.7892156862745098
Gonzaga,Belmont,0.8676470588235294
Gonzaga,Miami (OH),0.8676470588235294
Gonzaga,Northwestern,0.7892156862745098
Gonzaga,Yale,0.8676470588235294
Gonzaga,Wake Forest,0.8398692810457516
Gonzaga,California,0.8676470588235294
Iowa St.,Illinois,0.4039855072463768
Iowa St.,Purdue,0.6444444444444445
Iowa St.,UConn,0.8272946859903382
Iowa St.,Michigan St.,0.8398692810457516
Iowa St.,Virginia,0.8398692810457516
Iowa St.,Nebraska,0.8676470588235294
Iowa St.,Vanderbilt,0.8272946859903382
Iowa St.,Louisville,0.7892156862745098
Iowa St.,Arkansas,0.8676470588235294
Iowa St.,Alabama,0.8398692810457516
Iowa St.,Texas Tech,0.7766410912190963
Iowa St.,Tennessee,0.7892156862745098
Iowa St.,Kansas,0.8398692810457516
Iowa St.,BYU,0.8676470588235294
Iowa St.,North Carolina,0.8676470588235294
Iowa St.,Wisconsin,0.8398692810457516
Iowa St.,Iowa,0.8398692810457516
Iowa St.,Utah St.,0.8676470588235294
Iowa St.,Kentucky,0.8676470588235294
Iowa St.,Saint Louis,0.8676470588235294
Iowa St.,Ohio St.,0.8216188653746332
Iowa St.,UCLA,0.8398692810457516
Iowa St.,Miami (FL),0.8676470588235294
Iowa St.,Georgia,0.8676470588235294
Iowa St.,Clemson,0.8676470588235294
Iowa St.,Villanova,0.8676470588235294
Iowa St.,SMU,0.6666666666666666
Iowa St.,TCU,0.8676470588235294
Iowa St.,Auburn,0.8398692810457516
Iowa St.,Santa Clara,0.8676470588235294
Iowa St.,Indiana,0.8398692810457516
Iowa St.,Texas,0.8676470588235294
Iowa St.,Texas A&M,0.8676470588235294
Iowa St.,VCU,0.8676470588235294
Iowa St.,San Diego St.,0.8676470588235294
Iowa St.,New Mexico,0.8676470588235294
Iowa St.,Oklahoma,0.8676470588235294
Iowa St.,Cincinnati,0.7892156862745098
Iowa St.,Tulsa,0.8676470588235294
Iowa St.,Baylor,0.8676470588235294
Iowa St.,UCF,0.8676470588235294
Iowa St.,Akron,0.8676470588235294
Iowa St.,Seton Hall,0.8676470588235294
Iowa St.,Virginia Tech,0.8676470588235294
Iowa St.,Washington,0.8676470588235294
Iowa St.,Missouri,0.8676470588235294
Iowa St.,West Virginia,0.8676470588235294
Iowa St.,Boise St.,0.8676470588235294
Iowa St.,Stanford,0.8676470588235294
Iowa St.,Florida St.,0.8676470588235294
Iowa St.,Belmont,0.8676470588235294
Iowa St.,Miami (OH),0.8676470588235294
Iowa St.,Northwestern,0.8676470588235294
Iowa St.,Yale,0.8676470588235294
Iowa St.,Wake Forest,0.8676470588235294
Iowa St.,California,0.8676470588235294
Illinois,Purdue,0.7549019607843137
Illinois,UConn,0.8398692810457516
Illinois,Michigan St.,0.8398692810457516
Illinois,Virginia,0.8676470588235294
Illinois,Nebraska,0.8676470588235294
Illinois,Vanderbilt,0.8398692810457516
Illinois,Louisville,0.8398692810457516
Illinois,Arkansas,0.8676470588235294
Illinois,Alabama,0.8676470588235294
Illinois,Texas Tech,0.7892156862745098
Illinois,Tennessee,0.7892156862745098
Illinois,Kansas,0.8676470588235294
Illinois,BYU,0.8676470588235294
Illinois,North Carolina,0.8676470588235294
Illinois,Wisconsin,0.8676470588235294
Illinois,Iowa,0.8424855771436862
Illinois,Utah St.,0.8676470588235294
Illinois,Kentucky,0.8676470588235294
Illinois,Saint Louis,0.8676470588235294
Illinois,Ohio St.,0.8398692810457516
Illinois,UCLA,0.8676470588235294
Illinois,Miami (FL),0.8676470588235294
Illinois,Georgia,0.8676470588235294
Illinois,Clemson,0.8676470588235294
Illinois,Villanova,0.8676470588235294
Illinois,SMU,0.8111111111111112
Illinois,TCU,0.8676470588235294
Illinois,Auburn,0.8676470588235294
Illinois,Santa Clara,0.8676470588235294
Illinois,Indiana,0.8676470588235294
Illinois,Texas,0.8676470588235294
Illinois,Texas A&M,0.8676470588235294
Illinois,VCU,0.8676470588235294
Illinois,San Diego St.,0.8676470588235294
Illinois,New Mexico,0.8676470588235294
Illinois,Oklahoma,0.8676470588235294
Illinois,Cincinnati,0.8398692810457516
Illinois,Tulsa,0.8676470588235294
Illinois,Baylor,0.8676470588235294
Illinois,UCF,0.8676470588235294
Illinois,Akron,0.8676470588235294
Illinois,Seton Hall,0.8676470588235294
Illinois,Virginia Tech,0.8676470588235294
Illinois,Washington,0.8676470588235294
Illinois,Missouri,0.8676470588235294
Illinois,West Virginia,0.8676470588235294
Illinois,Boise St.,0.8676470588235294
Illinois,Stanford,0.8676470588235294
Illinois,Florida St.,0.8676470588235294
Illinois,Belmont,0.8676470588235294
Illinois,Miami (OH),0.8676470588235294
Illinois,Northwestern,0.8676470588235294
Illinois,Yale,0.8676470588235294
Illinois,Wake Forest,0.8676470588235294
Illinois,California,0.8676470588235294
Purdue,UConn,0.7549019607843137
Purdue,Michigan St.,0.7766410912190963
Purdue,Virginia,0.7892156862745098
Purdue,Nebraska,0.8398692810457516
Purdue,Vanderbilt,0.7549019607843137
Purdue,Louisville,0.7892156862745098
Purdue,Arkansas,0.8398692810457516
Purdue,Alabama,0.8398692810457516
Purdue,Texas Tech,0.5754388445391644
Purdue,Tennessee,0.5507246376811594
Purdue,Kansas,0.8398692810457516
Purdue,BYU,0.8676470588235294
Purdue,North Carolina,0.8676470588235294
Purdue,Wisconsin,0.8398692810457516
Purdue,Iowa,0.7892156862745098
Purdue,Utah St.,0.8676470588235294
Purdue,Kentucky,0.8676470588235294
Purdue,Saint Louis,0.8676470588235294
Purdue,Ohio St.,0.7892156862745098
Purdue,UCLA,0.8398692810457516
Purdue,Miami (FL),0.8676470588235294
Purdue,Georgia,0.8676470588235294
Purdue,Clemson,0.8398692810457516
Purdue,Villanova,0.8676470588235294
Purdue,SMU,0.6666666666666666
Purdue,TCU,0.8676470588235294
Purdue,Auburn,0.8398692810457516
Purdue,Santa Clara,0.8398692810457516
Purdue,Indiana,0.8398692810457516
Purdue,Texas,0.8676470588235294
Purdue,Texas A&M,0.8676470588235294
Purdue,VCU,0.8676470588235294
Purdue,San Diego St.,0.8676470588235294
Purdue,New Mexico,0.8676470588235294
Purdue,Oklahoma,0.8398692810457516
Purdue,Cincinnati,0.7892156862745098
Purdue,Tulsa,0.8676470588235294
Purdue,Baylor,0.8398692810457516
Purdue,UCF,0.8676470588235294
Purdue,Akron,0.8676470588235294
Purdue,Seton Hall,0.8676470588235294
Purdue,Virginia Tech,0.8676470588235294
Purdue,Washington,0.8676470588235294
Purdue,Missouri,0.8676470588235294
Purdue,West Virginia,0.8676470588235294
Purdue,Boise St.,0.8676470588235294
Purdue,Stanford,0.8676470588235294
Purdue,Florida St.,0.8676470588235294
Purdue,Belmont,0.8676470588235294
Purdue,Miami (OH),0.8676470588235294
Purdue,Northwestern,0.8676470588235294
Purdue,Yale,0.8676470588235294
Purdue,Wake Forest,0.8676470588235294
Purdue,California,0.8676470588235294
UConn,Michigan St.,0.5067632850241546
UConn,Virginia,0.6444444444444445
UConn,Nebraska,0.7766410912190963
UConn,Vanderbilt,0.5067632850241546
UConn,Louisville,0.5067632850241546
UConn,Arkansas,0.7674322940292306
UConn,Alabama,0.7549019607843137
UConn,Texas Tech,0.5067632850241546
UConn,Tennessee,0.48571428571428577
UConn,Kansas,0.6884057971014492
UConn,BYU,0.8398692810457516
UConn,North Carolina,0.8162598956351403
UConn,Wisconsin,0.6807218671577854
UConn,Iowa,0.5632992327365729
UConn,Utah St.,0.8398692810457516
UConn,Kentucky,0.7892156862745098
UConn,Saint Louis,0.8398692810457516
UConn,Ohio St.,0.5623188405797102
UConn,UCLA,0.7892156862745098
UConn,Miami (FL),0.8398692810457516
UConn,Georgia,0.8398692810457516
UConn,Clemson,0.7892156862745098
UConn,Villanova,0.8398692810457516
UConn,SMU,0.6666666666666666
UConn,TCU,0.8676470588235294
UConn,Auburn,0.7009803921568628
UConn,Santa Clara,0.7892156862745098
UConn,Indiana,0.7892156862745098
UConn,Texas,0.8398692810457516
UConn,Texas A&M,0.8398692810457516
UConn,VCU,0.8676470588235294
UConn,San Diego St.,0.8676470588235294
UConn,New Mexico,0.8676470588235294
UConn,Oklahoma,0.7892156862745098
UConn,Cincinnati,0.5632992327365729
UConn,Tulsa,0.8676470588235294
UConn,Baylor,0.7892156862745098
UConn,UCF,0.8676470588235294
UConn,Akron,0.8676470588235294
UConn,Seton Hall,0.8676470588235294
UConn,Virginia Tech,0.8676470588235294
UConn,Washington,0.7892156862745098
UConn,Missouri,0.8398692810457516
UConn,West Virginia,0.8398692810457516
UConn,Boise St.,0.8398692810457516
UConn,Stanford,0.8676470588235294
UConn,Florida St.,0.8398692810457516
UConn,Belmont,0.8676470588235294
UConn,Miami (OH),0.8676470588235294
UConn,Northwestern,0.8398692810457516
UConn,Yale,0.8676470588235294
UConn,Wake Forest,0.8676470588235294
UConn,California,0.8676470588235294
Michigan St.,Virginia,0.5153760918458229
Michigan St.,Nebraska,0.7549019607843137
Michigan St.,Vanderbilt,0.5067632850241546
Michigan St.,Louisville,0.5067632850241546
Michigan St.,Arkansas,0.7549019607843137
Michigan St.,Alabama,0.7326797385620916
Michigan St.,Texas Tech,0.5067632850241546
Michigan St.,Tennessee,0.48571428571428577
Michigan St.,Kansas,0.6666666666666666
Michigan St.,BYU,0.8398692810457516
Michigan St.,North Carolina,0.7892156862745098
Michigan St.,Wisconsin,0.6666666666666666
Michigan St.,Iowa,0.5632992327365729
Michigan St.,Utah St.,0.7892156862745098
Michigan St.,Kentucky,0.7892156862745098
Michigan St.,Saint Louis,0.8398692810457516
Michigan St.,Ohio St.,0.5507246376811594
Michigan St.,UCLA,0.788235294117647
Michigan St.,Miami (FL),0.8398692810457516
Michigan St.,Georgia,0.8398692810457516
Michigan St.,Clemson,0.7892156862745098
Michigan St.,Villanova,0.8398692810457516
Michigan St.,SMU,0.6666666666666666
Michigan St.,TCU,0.8676470588235294
Michigan St.,Auburn,0.7892156862745098
Michigan St.,Santa Clara,0.7892156862745098
Michigan St.,Indiana,0.7009803921568628
Michigan St.,Texas,0.8398692810457516
Michigan St.,Texas A&M,0.8398692810457516
Michigan St.,VCU,0.8676470588235294
Michigan St.,San Diego St.,0.8676470588235294
Michigan St.,New Mexico,0.8676470588235294
Michigan St.,Oklahoma,0.7892156862745098
Michigan St.,Cincinnati,0.5632992327365729
Michigan St.,Tulsa,0.8676470588235294
Michigan St.,Baylor,0.7892156862745098
Michigan St.,UCF,0.8676470588235294
Michigan St.,Akron,0.8398692810457516
Michigan St.,Seton Hall,0.8676470588235294
Michigan St.,Virginia Tech,0.8398692810457516
Michigan St.,Washington,0.7892156862745098
Michigan St.,Missouri,0.8398692810457516
Michigan St.,West Virginia,0.8398692810457516
Michigan St.,Boise St.,0.8398692810457516
Michigan St.,Stanford,0.8676470588235294
Michigan St.,Florida St.,0.8398692810457516
Michigan St.,Belmont,0.8676470588235294
Michigan St.,Miami (OH),0.8676470588235294
Michigan St.,Northwestern,0.8398692810457516
Michigan St.,Yale,0.8676470588235294
Michigan St.,Wake Forest,0.8676470588235294
Michigan St.,California,0.8676470588235294
Virginia,Nebraska,0.7326797385620916
Virginia,Vanderbilt,0.4039855072463768
Virginia,Louisville,0.5067632850241546
Virginia,Arkansas,0.7326797385620916
Virginia,Alabama,0.5067632850241546
Virginia,Texas Tech,0.3829365079365079
Virginia,Tennessee,0.48571428571428577
Virginia,Kansas,0.5067632850241546
Virginia,BYU,0.8398692810457516
Virginia,North Carolina,0.7892156862745098
Virginia,Wisconsin,0.5067632850241546
Virginia,Iowa,0.5507246376811594
Virginia,Utah St.,0.7892156862745098
Virginia,Kentucky,0.7892156862745098
Virginia,Saint Louis,0.8398692810457516
Virginia,Ohio St.,0.5289855072463768
Virginia,UCLA,0.5507246376811594
Virginia,Miami (FL),0.8398692810457516
Virginia,Georgia,0.8398692810457516
Virginia,Clemson,0.7892156862745098
Virginia,Villanova,0.7892156862745098
Virginia,SMU,0.6666666666666666
Virginia,TCU,0.8676470588235294
Virginia,Auburn,0.5632992327365729
Virginia,Santa Clara,0.7892156862745098
Virginia,Indiana,0.5632992327365729
Virginia,Texas,0.8398692810457516
Virginia,Texas A&M,0.7892156862745098
Virginia,VCU,0.8398692810457516
Virginia,San Diego St.,0.8398692810457516
Virginia,New Mexico,0.8676470588235294
Virginia,Oklahoma,0.7892156862745098
Virginia,Cincinnati,0.5632992327365729
Virginia,Tulsa,0.8676470588235294
Virginia,Baylor,0.7892156862745098
Virginia,UCF,0.8676470588235294
Virginia,Akron,0.8676470588235294
Virginia,Seton Hall,0.8676470588235294
Virginia,Virginia Tech,0.8398692810457516
Virginia,Washington,0.7892156862745098
Virginia,Missouri,0.8398692810457516
Virginia,West Virginia,0.8398692810457516
Virginia,Boise St.,0.8398692810457516
Virginia,Stanford,0.8676470588235294
Virginia,Florida St.,0.812535108700915
Virginia,Belmont,0.8676470588235294
Virginia,Miami (OH),0.8676470588235294
Virginia,Northwestern,0.7892156862745098
Virginia,Yale,0.8676470588235294
Virginia,Wake Forest,0.8398692810457516
Virginia,California,0.8676470588235294
Nebraska,Vanderbilt,0.3585520057956459
Nebraska,Louisville,0.3829365079365079
Nebraska,Arkansas,0.5067632850241546
Nebraska,Alabama,0.4462732965026337
Nebraska,Texas Tech,0.3412698412698412
Nebraska,Tennessee,0.3412698412698412
Nebraska,Kansas,0.5067632850241546
Nebraska,BYU,0.7886590304694048
Nebraska,North Carolina,0.7549019607843137
Nebraska,Wisconsin,0.5067632850241546
Nebraska,Iowa,0.5289855072463768
Nebraska,Utah St.,0.7766410912190963
Nebraska,Kentucky,0.6884057971014492
Nebraska,Saint Louis,0.7892156862745098
Nebraska,Ohio St.,0.48571428571428577
Nebraska,UCLA,0.5289855072463768
Nebraska,Miami (FL),0.7892156862745098
Nebraska,Georgia,0.7892156862745098
Nebraska,Clemson,0.5507246376811594
Nebraska,Villanova,0.7892156862745098
Nebraska,SMU,0.6666666666666666
Nebraska,TCU,0.8398692810457516
Nebraska,Auburn,0.5632992327365729
Nebraska,Santa Clara,0.5507246376811594
Nebraska,Indiana,0.5499163169606636
Nebraska,Texas,0.7892156862745098
Nebraska,Texas A&M,0.7892156862745098
Nebraska,VCU,0.8398692810457516
Nebraska,San Diego St.,0.8272946859903382
Nebraska,New Mexico,0.8398692810457516
Nebraska,Oklahoma,0.5632992327365729
Nebraska,Cincinnati,0.5079365079365079
Nebraska,Tulsa,0.8398692810457516
Nebraska,Baylor,0.5632992327365729
Nebraska,UCF,0.8676470588235294
Nebraska,Akron,0.8398692810457516
Nebraska,Seton Hall,0.8398692810457516
Nebraska,Virginia Tech,0.7892156862745098
Nebraska,Washington,0.5632992327365729
Nebraska,Missouri,0.7892156862745098
Nebraska,West Virginia,0.7892156862745098
Nebraska,Boise St.,0.7892156862745098
Nebraska,Stanford,0.8398692810457516
Nebraska,Florida St.,0.7892156862745098
Nebraska,Belmont,0.8676470588235294
Nebraska,Miami (OH),0.8398692810457516
Nebraska,Northwestern,0.7892156862745098
Nebraska,Yale,0.8676470588235294
Nebraska,Wake Forest,0.8398692810457516
Nebraska,California,0.8676470588235294
Vanderbilt,Louisville,0.5067632850241546
Vanderbilt,Arkansas,0.7549019607843137
Vanderbilt,Alabama,0.7549019607843137
Vanderbilt,Texas Tech,0.5067632850241546
Vanderbilt,Tennessee,0.48571428571428577
Vanderbilt,Kansas,0.6666666666666666
Vanderbilt,BYU,0.8398692810457516
Vanderbilt,North Carolina,0.8398692810457516
Vanderbilt,Wisconsin,0.6666666666666666
Vanderbilt,Iowa,0.5632992327365729
Vanderbilt,Utah St.,0.8398692810457516
Vanderbilt,Kentucky,0.7892156862745098
Vanderbilt,Saint Louis,0.8398692810457516
Vanderbilt,Ohio St.,0.5507246376811594
Vanderbilt,UCLA,0.7892156862745098
Vanderbilt,Miami (FL),0.8398692810457516
Vanderbilt,Georgia,0.8398692810457516
Vanderbilt,Clemson,0.7892156862745098
Vanderbilt,Villanova,0.8398692810457516
Vanderbilt,SMU,0.6666666666666666
Vanderbilt,TCU,0.8676470588235294
Vanderbilt,Auburn,0.7892156862745098
Vanderbilt,Santa Clara,0.7892156862745098
Vanderbilt,Indiana,0.7892156862745098
Vanderbilt,Texas,0.8398692810457516
Vanderbilt,Texas A&M,0.8398692810457516
Vanderbilt,VCU,0.8676470588235294
Vanderbilt,San Diego St.,0.8676470588235294
Vanderbilt,New Mexico,0.8676470588235294
Vanderbilt,Oklahoma,0.7892156862745098
Vanderbilt,Cincinnati,0.5632992327365729
Vanderbilt,Tulsa,0.8676470588235294
Vanderbilt,Baylor,0.7892156862745098
Vanderbilt,UCF,0.8676470588235294
Vanderbilt,Akron,0.8676470588235294
Vanderbilt,Seton Hall,0.8676470588235294
Vanderbilt,Virginia Tech,0.8676470588235294
Vanderbilt,Washington,0.7892156862745098
Vanderbilt,Missouri,0.8398692810457516
Vanderbilt,West Virginia,0.8676470588235294
Vanderbilt,Boise St.,0.8398692810457516
Vanderbilt,Stanford,0.8676470588235294
Vanderbilt,Florida St.,0.8398692810457516
Vanderbilt,Belmont,0.8676470588235294
Vanderbilt,Miami (OH),0.8676470588235294
Vanderbilt,Northwestern,0.8398692810457516
Vanderbilt,Yale,0.8676470588235294
Vanderbilt,Wake Forest,0.8676470588235294
Vanderbilt,California,0.8676470588235294
Louisville,Arkansas,0.7326797385620916
Louisville,Alabama,0.7326797385620916
Louisville,Texas Tech,0.4039855072463768
Louisville,Tennessee,0.49692917002105536
Louisville,Kansas,0.7326797385620916
Louisville,BYU,0.8676470588235294
Louisville,North Carolina,0.8398692810457516
Louisville,Wisconsin,0.7326797385620916
Louisville,Iowa,0.7766410912190963
Louisville,Utah St.,0.8398692810457516
Louisville,Kentucky,0.8398692810457516
Louisville,Saint Louis,0.8676470588235294
Louisville,Ohio St.,0.7175006609996059
Louisville,UCLA,0.7766410912190963
Louisville,Miami (FL),0.8676470588235294
Louisville,Georgia,0.8676470588235294
Louisville,Clemson,0.8398692810457516
Louisville,Villanova,0.8398692810457516
Louisville,SMU,0.7083333333333334
Louisville,TCU,0.8676470588235294
Louisville,Auburn,0.7892156862745098
Louisville,Santa Clara,0.7892156862745098
Louisville,Indiana,0.7892156862745098
Louisville,Texas,0.8398692810457516
Louisville,Texas A&M,0.8398692810457516
Louisville,VCU,0.8676470588235294
Louisville,San Diego St.,0.8676470588235294
Louisville,New Mexico,0.8676470588235294
Louisville,Oklahoma,0.7892156862745098
Louisville,Cincinnati,0.5632992327365729
Louisville,Tulsa,0.8676470588235294
Louisville,Baylor,0.8398692810457516
Louisville,UCF,0.8676470588235294
Louisville,Akron,0.8676470588235294
Louisville,Seton Hall,0.8676470588235294
Louisville,Virginia Tech,0.8676470588235294
Louisville,Washington,0.8398692810457516
Louisville,Missouri,0.8676470588235294
Louisville,West Virginia,0.8676470588235294
Louisville,Boise St.,0.8676470588235294
Louisville,Stanford,0.8676470588235294
Louisville,Florida St.,0.8398692810457516
Louisville,Belmont,0.8676470588235294
Louisville,Miami (OH),0.8676470588235294
Louisville,Northwestern,0.8398692810457516
Louisville,Yale,0.8676470588235294
Louisville,Wake Forest,0.8676470588235294
Louisville,California,0.8676470588235294
Arkansas,Alabama,0.5013797323487009
Arkansas,Texas Tech,0.3412698412698412
Arkansas,Tennessee,0.3412698412698412
Arkansas,Kansas,0.5067632850241546
Arkansas,BYU,0.7892156862745098
Arkansas,North Carolina,0.7766410912190963
Arkansas,Wisconsin,0.5067632850241546
Arkansas,Iowa,0.5289855072463768
Arkansas,Utah St.,0.788235294117647
Arkansas,Kentucky,0.6884057971014492
Arkansas,Saint Louis,0.7892156862745098
Arkansas,Ohio St.,0.49977712763287513
Arkansas,UCLA,0.5289855072463768
Arkansas,Miami (FL),0.7892156862745098
Arkansas,Georgia,0.7892156862745098
Arkansas,Clemson,0.5565067489653266
Arkansas,Villanova,0.7892156862745098
Arkansas,SMU,0.6666666666666666
Arkansas,TCU,0.8398692810457516
Arkansas,Auburn,0.5632992327365729
Arkansas,Santa Clara,0.5623188405797102
Arkansas,Indiana,0.5507246376811594
Arkansas,Texas,0.7892156862745098
Arkansas,Texas A&M,0.7892156862745098
Arkansas,VCU,0.8398692810457516
Arkansas,San Diego St.,0.788235294117647
Arkansas,New Mexico,0.8398692810457516
Arkansas,Oklahoma,0.5632992327365729
Arkansas,Cincinnati,0.5296756383712905
Arkansas,Tulsa,0.8398692810457516
Arkansas,Baylor,0.5632992327365729
Arkansas,UCF,0.8676470588235294
Arkansas,Akron,0.7892156862745098
Arkansas,Seton Hall,0.8398692810457516
Arkansas,Virginia Tech,0.7892156862745098
Arkansas,Washington,0.7009803921568628
Arkansas,Missouri,0.7892156862745098
Arkansas,West Virginia,0.799601807108648
Arkansas,Boise St.,0.7892156862745098
Arkansas,Stanford,0.8398692810457516
Arkansas,Florida St.,0.7892156862745098
Arkansas,Belmont,0.8676470588235294
Arkansas,Miami (OH),0.8398692810457516
Arkansas,Northwestern,0.7892156862745098
Arkansas,Yale,0.8676470588235294
Arkansas,Wake Forest,0.8398692810457516
Arkansas,California,0.8676470588235294
Alabama,Texas Tech,0.37803115084130773
Alabama,Tennessee,0.3829365079365079
Alabama,Kansas,0.5067632850241546
Alabama,BYU,0.7892156862745098
Alabama,North Carolina,0.779579550926354
Alabama,Wisconsin,0.5067632850241546
Alabama,Iowa,0.5507246376811594
Alabama,Utah St.,0.7892156862745098
Alabama,Kentucky,0.7892156862745098
Alabama,Saint Louis,0.7892156862745098
Alabama,Ohio St.,0.5289855072463768
Alabama,UCLA,0.5507246376811594
Alabama,Miami (FL),0.7892156862745098
Alabama,Georgia,0.7892156862745098
Alabama,Clemson,0.7892156862745098
Alabama,Villanova,0.7892156862745098
Alabama,SMU,0.6666666666666666
Alabama,TCU,0.8398692810457516
Alabama,Auburn,0.5632992327365729
Alabama,Santa Clara,0.5632992327365729
Alabama,Indiana,0.5632992327365729
Alabama,Texas,0.7892156862745098
Alabama,Texas A&M,0.7892156862745098
Alabama,VCU,0.8398692810457516
Alabama,San Diego St.,0.8398692810457516
Alabama,New Mexico,0.8398692810457516
Alabama,Oklahoma,0.7009803921568628
Alabama,Cincinnati,0.5350187765212931
Alabama,Tulsa,0.8398692810457516
Alabama,Baylor,0.7892156862745098
Alabama,UCF,0.8676470588235294
Alabama,Akron,0.7892156862745098
Alabama,Seton Hall,0.8676470588235294
Alabama,Virginia Tech,0.8398692810457516
Alabama,Washington,0.7892156862745098
Alabama,Missouri,0.7892156862745098
Alabama,West Virginia,0.8398692810457516
Alabama,Boise St.,0.7892156862745098
Alabama,Stanford,0.8398692810457516
Alabama,Florida St.,0.7892156862745098
Alabama,Belmont,0.8676470588235294
Alabama,Miami (OH),0.8398692810457516
Alabama,Northwestern,0.7892156862745098
Alabama,Yale,0.8676470588235294
Alabama,Wake Forest,0.8398692810457516
Alabama,California,0.8676470588235294
Texas Tech,Tennessee,0.5067632850241546
Texas Tech,Kansas,0.7549019607843137
Texas Tech,BYU,0.8676470588235294
Texas Tech,North Carolina,0.8398692810457516
Texas Tech,Wisconsin,0.7549019607843137
Texas Tech,Iowa,0.7892156862745098
Texas Tech,Utah St.,0.8398692810457516
Texas Tech,Kentucky,0.8398692810457516
Texas Tech,Saint Louis,0.8676470588235294
Texas Tech,Ohio St.,0.7766410912190963
Texas Tech,UCLA,0.7892156862745098
Texas Tech,Miami (FL),0.8676470588235294
Texas Tech,Georgia,0.8676470588235294
Texas Tech,Clemson,0.8398692810457516
Texas Tech,Villanova,0.8676470588235294
Texas Tech,SMU,0.6666666666666666
Texas Tech,TCU,0.8676470588235294
Texas Tech,Auburn,0.8398692810457516
Texas Tech,Santa Clara,0.8398692810457516
Texas Tech,Indiana,0.7892156862745098
Texas Tech,Texas,0.8676470588235294
Texas Tech,Texas A&M,0.8676470588235294
Texas Tech,VCU,0.8676470588235294
Texas Tech,San Diego St.,0.8676470588235294
Texas Tech,New Mexico,0.8676470588235294
Texas Tech,Oklahoma,0.8398692810457516
Texas Tech,Cincinnati,0.5632992327365729
Texas Tech,Tulsa,0.8676470588235294
Texas Tech,Baylor,0.8398692810457516
Texas Tech,UCF,0.8676470588235294
Texas Tech,Akron,0.8676470588235294
Texas Tech,Seton Hall,0.8676470588235294
Texas Tech,Virginia Tech,0.8676470588235294
Texas Tech,Washington,0.8398692810457516
Texas Tech,Missouri,0.8676470588235294
Texas Tech,West Virginia,0.8676470588235294
Texas Tech,Boise St.,0.8676470588235294
Texas Tech,Stanford,0.8676470588235294
Texas Tech,Florida St.,0.8676470588235294
Texas Tech,Belmont,0.8676470588235294
Texas Tech,Miami (OH),0.8676470588235294
Texas Tech,Northwestern,0.8676470588235294
Texas Tech,Yale,0.8676470588235294
Texas Tech,Wake Forest,0.8676470588235294
Texas Tech,California,0.8676470588235294
Tennessee,Kansas,0.7549019607843137
Tennessee,BYU,0.8676470588235294
Tennessee,North Carolina,0.8676470588235294
Tennessee,Wisconsin,0.7549019607843137
Tennessee,Iowa,0.7892156862745098
Tennessee,Utah St.,0.8676470588235294
Tennessee,Kentucky,0.8398692810457516
Tennessee,Saint Louis,0.8676470588235294
Tennessee,Ohio St.,0.7766410912190963
Tennessee,UCLA,0.8386509331771368
Tennessee,Miami (FL),0.8676470588235294
Tennessee,Georgia,0.8676470588235294
Tennessee,Clemson,0.8398692810457516
Tennessee,Villanova,0.8676470588235294
Tennessee,SMU,0.7083333333333334
Tennessee,TCU,0.8676470588235294
Tennessee,Auburn,0.8398692810457516
Tennessee,Santa Clara,0.8398692810457516
Tennessee,Indiana,0.7892156862745098
Tennessee,Texas,0.8676470588235294
Tennessee,Texas A&M,0.8676470588235294
Tennessee,VCU,0.8676470588235294
Tennessee,San Diego St.,0.8676470588235294
Tennessee,New Mexico,0.8676470588235294
Tennessee,Oklahoma,0.8398692810457516
Tennessee,Cincinnati,0.7009803921568628
Tennessee,Tulsa,0.8676470588235294
Tennessee,Baylor,0.8398692810457516
Tennessee,UCF,0.8676470588235294
Tennessee,Akron,0.8676470588235294
Tennessee,Seton Hall,0.8676470588235294
Tennessee,Virginia Tech,0.8676470588235294
Tennessee,Washington,0.8398692810457516
Tennessee,Missouri,0.8676470588235294
Tennessee,West Virginia,0.8676470588235294
Tennessee,Boise St.,0.8676470588235294
Tennessee,Stanford,0.8676470588235294
Tennessee,Florida St.,0.8676470588235294
Tennessee,Belmont,0.8676470588235294
Tennessee,Miami (OH),0.8676470588235294
Tennessee,Northwestern,0.8676470588235294
Tennessee,Yale,0.8676470588235294
Tennessee,Wake Forest,0.8676470588235294
Tennessee,California,0.8676470588235294
Kansas,BYU,0.8398692810457516
Kansas,North Carolina,0.7766410912190963
Kansas,Wisconsin,0.5067632850241546
Kansas,Iowa,0.5289855072463768
Kansas,Utah St.,0.788235294117647
Kansas,Kentucky,0.7766410912190963
Kansas,Saint Louis,0.7892156862745098
Kansas,Ohio St.,0.5067632850241546
Kansas,UCLA,0.5289855072463768
Kansas,Miami (FL),0.7892156862745098
Kansas,Georgia,0.7892156862745098
Kansas,Clemson,0.7766410912190963
Kansas,Villanova,0.7892156862745098
Kansas,SMU,0.6666666666666666
Kansas,TCU,0.8398692810457516
Kansas,Auburn,0.5632992327365729
Kansas,Santa Clara,0.7000000000000001
Kansas,Indiana,0.5507246376811594
Kansas,Texas,0.7892156862745098
Kansas,Texas A&M,0.7892156862745098
Kansas,VCU,0.8398692810457516
Kansas,San Diego St.,0.8272946859903382
Kansas,New Mexico,0.8398692810457516
Kansas,Oklahoma,0.7009803921568628
Kansas,Cincinnati,0.513786317216494
Kansas,Tulsa,0.8398692810457516
Kansas,Baylor,0.7892156862745098
Kansas,UCF,0.8676470588235294
Kansas,Akron,0.7892156862745098
Kansas,Seton Hall,0.8676470588235294
Kansas,Virginia Tech,0.8398692810457516
Kansas,Washington,0.7892156862745098
Kansas,Missouri,0.7892156862745098
Kansas,West Virginia,0.8398692810457516
Kansas,Boise St.,0.7892156862745098
Kansas,Stanford,0.8398692810457516
Kansas,Florida St.,0.7892156862745098
Kansas,Belmont,0.8676470588235294
Kansas,Miami (OH),0.8398692810457516
Kansas,Northwestern,0.7892156862745098
Kansas,Yale,0.8676470588235294
Kansas,Wake Forest,0.8398692810457516
Kansas,California,0.8676470588235294
BYU,North Carolina,0.4039855072463768
BYU,Wisconsin,0.21626984126984128
BYU,Iowa,0.3412698412698412
BYU,Utah St.,0.5067632850241546
BYU,Kentucky,0.5067632850241546
BYU,Saint Louis,0.5507246376811594
BYU,Ohio St.,0.3412698412698412
BYU,UCLA,0.3412698412698412
BYU,Miami (FL),0.5067632850241546
BYU,Georgia,0.5067632850241546
BYU,Clemson,0.48571428571428577
BYU,Villanova,0.5067632850241546
BYU,SMU,0.6666666666666666
BYU,TCU,0.7766410912190963
BYU,Auburn,0.5079365079365079
BYU,Santa Clara,0.48571428571428577
BYU,Indiana,0.3829365079365079
BYU,Texas,0.5067632850241546
BYU,Texas A&M,0.5067632850241546
BYU,VCU,0.7009803921568628
BYU,San Diego St.,0.5067632850241546
BYU,New Mexico,0.7876631314263856
BYU,Oklahoma,0.48571428571428577
BYU,Cincinnati,0.37464860665753363
BYU,Tulsa,0.7892156862745098
BYU,Baylor,0.5289855072463768
BYU,UCF,0.8398692810457516
BYU,Akron,0.5632992327365729
BYU,Seton Hall,0.788235294117647
BYU,Virginia Tech,0.5507246376811594
BYU,Washington,0.5507246376811594
BYU,Missouri,0.5289855072463768
BYU,West Virginia,0.5632992327365729
BYU,Boise St.,0.5623188405797102
BYU,Stanford,0.7892156862745098
BYU,Florida St.,0.5414256606548766
BYU,Belmont,0.7892156862745098
BYU,Miami (OH),0.7892156862745098
BYU,Northwestern,0.5632992327365729
BYU,Yale,0.8398692810457516
BYU,Wake Forest,0.7892156862745098
BYU,California,0.7892156862745098
North Carolina,Wisconsin,0.3412698412698412
North Carolina,Iowa,0.48571428571428577
North Carolina,Utah St.,0.5067632850241546
North Carolina,Kentucky,0.5067632850241546
North Carolina,Saint Louis,0.7892156862745098
North Carolina,Ohio St.,0.35544238082780727
North Carolina,UCLA,0.3829365079365079
North Carolina,Miami (FL),0.7549019607843137
North Carolina,Georgia,0.7549019607843137
North Carolina,Clemson,0.5067632850241546
North Carolina,Villanova,0.6666666666666666
North Carolina,SMU,0.6666666666666666
North Carolina,TCU,0.7892156862745098
North Carolina,Auburn,0.5507246376811594
North Carolina,Santa Clara,0.5067632850241546
North Carolina,Indiana,0.48571428571428577
North Carolina,Texas,0.6666666666666666
North Carolina,Texas A&M,0.5289855072463768
North Carolina,VCU,0.7892156862745098
North Carolina,San Diego St.,0.7326797385620916
North Carolina,New Mexico,0.7892156862745098
North Carolina,Oklahoma,0.5067632850241546
North Carolina,Cincinnati,0.48571428571428577
North Carolina,Tulsa,0.7892156862745098
North Carolina,Baylor,0.5507246376811594
North Carolina,UCF,0.8398692810457516
North Carolina,Akron,0.7892156862745098
North Carolina,Seton Hall,0.7892156862745098
North Carolina,Virginia Tech,0.7892156862745098
North Carolina,Washington,0.5632992327365729
North Carolina,Missouri,0.7766410912190963
North Carolina,West Virginia,0.7892156862745098
North Carolina,Boise St.,0.7290608955832445
North Carolina,Stanford,0.7892156862745098
North Carolina,Florida St.,0.7009803921568628
North Carolina,Belmont,0.8398692810457516
North Carolina,Miami (OH),0.8398692810457516
North Carolina,Northwestern,0.7009803921568628
North Carolina,Yale,0.8398692810457516
North Carolina,Wake Forest,0.7892156862745098
North Carolina,California,0.8398692810457516
Wisconsin,Iowa,0.5289855072463768
Wisconsin,Utah St.,0.788235294117647
Wisconsin,Kentucky,0.7766410912190963
Wisconsin,Saint Louis,0.7892156862745098
Wisconsin,Ohio St.,0.5067632850241546
Wisconsin,UCLA,0.5289855072463768
Wisconsin,Miami (FL),0.8398692810457516
Wisconsin,Georgia,0.8398692810457516
Wisconsin,Clemson,0.7779579900094244
Wisconsin,Villanova,0.8398692810457516
Wisconsin,SMU,0.6666666666666666
Wisconsin,TCU,0.8676470588235294
Wisconsin,Auburn,0.7009803921568628
Wisconsin,Santa Clara,0.7866362846434267
Wisconsin,Indiana,0.5507246376811594
Wisconsin,Texas,0.8398692810457516
Wisconsin,Texas A&M,0.7892156862745098
Wisconsin,VCU,0.8398692810457516
Wisconsin,San Diego St.,0.8398692810457516
Wisconsin,New Mexico,0.8398692810457516
Wisconsin,Oklahoma,0.7892156862745098
Wisconsin,Cincinnati,0.5296756383712905
Wisconsin,Tulsa,0.8398692810457516
Wisconsin,Baylor,0.7892156862745098
Wisconsin,UCF,0.8676470588235294
Wisconsin,Akron,0.8398692810457516
Wisconsin,Seton Hall,0.8676470588235294
Wisconsin,Virginia Tech,0.8398692810457516
Wisconsin,Washington,0.7892156862745098
Wisconsin,Missouri,0.8398692810457516
Wisconsin,West Virginia,0.8398692810457516
Wisconsin,Boise St.,0.8398692810457516
Wisconsin,Stanford,0.8676470588235294
Wisconsin,Florida St.,0.7892156862745098
Wisconsin,Belmont,0.8676470588235294
Wisconsin,Miami (OH),0.8676470588235294
Wisconsin,Northwestern,0.8398692810457516
Wisconsin,Yale,0.8676470588235294
Wisconsin,Wake Forest,0.8398692810457516
Wisconsin,California,0.8676470588235294
Iowa,Utah St.,0.7833333333333333
Iowa,Kentucky,0.7326797385620916
Iowa,Saint Louis,0.8398692810457516
Iowa,Ohio St.,0.4039855072463768
Iowa,UCLA,0.7326797385620916
Iowa,Miami (FL),0.8055555555555555
Iowa,Georgia,0.8055555555555555
Iowa,Clemson,0.7326797385620916
Iowa,Villanova,0.8055555555555555
Iowa,SMU,0.8111111111111112
Iowa,TCU,0.8676470588235294
Iowa,Auburn,0.7766410912190963
Iowa,Santa Clara,0.7326797385620916
Iowa,Indiana,0.5067632850241546
Iowa,Texas,0.8272946859903382
Iowa,Texas A&M,0.8058583957767232
Iowa,VCU,0.8676470588235294
Iowa,San Diego St.,0.8272946859903382
Iowa,New Mexico,0.8676470588235294
Iowa,Oklahoma,0.7549019607843137
Iowa,Cincinnati,0.5067632850241546
Iowa,Tulsa,0.8676470588235294
Iowa,Baylor,0.7892156862745098
Iowa,UCF,0.8676470588235294
Iowa,Akron,0.8398692810457516
Iowa,Seton Hall,0.8676470588235294
Iowa,Virginia Tech,0.8398692810457516
Iowa,Washington,0.7892156862745098
Iowa,Missouri,0.8398692810457516
Iowa,West Virginia,0.8398692810457516
Iowa,Boise St.,0.8398692810457516
Iowa,Stanford,0.8676470588235294
Iowa,Florida St.,0.8398692810457516
Iowa,Belmont,0.8676470588235294
Iowa,Miami (OH),0.8676470588235294
Iowa,Northwestern,0.8398692810457516
Iowa,Yale,0.8676470588235294
Iowa,Wake Forest,0.8676470588235294
Iowa,California,0.8676470588235294
Utah St.,Kentucky,0.5067632850241546
Utah St.,Saint Louis,0.7766410912190963
Utah St.,Ohio St.,0.3412698412698412
Utah St.,UCLA,0.3519133948830584
Utah St.,Miami (FL),0.6444444444444445
Utah St.,Georgia,0.6444444444444445
Utah St.,Clemson,0.5067632850241546
Utah St.,Villanova,0.5067632850241546
Utah St.,SMU,0.6666666666666666
Utah St.,TCU,0.7766410912190963
Utah St.,Auburn,0.5289855072463768
Utah St.,Santa Clara,0.5067632850241546
Utah St.,Indiana,0.48571428571428577
Utah St.,Texas,0.5289855072463768
Utah St.,Texas A&M,0.5067632850241546
Utah St.,VCU,0.7892156862745098
Utah St.,San Diego St.,0.6444444444444445
Utah St.,New Mexico,0.7892156862745098
Utah St.,Oklahoma,0.5067632850241546
Utah St.,Cincinnati,0.3829365079365079
Utah St.,Tulsa,0.7892156862745098
Utah St.,Baylor,0.5289855072463768
Utah St.,UCF,0.8398692810457516
Utah St.,Akron,0.7892156862745098
Utah St.,Seton Hall,0.7892156862745098
Utah St.,Virginia Tech,0.788235294117647
Utah St.,Washington,0.5507246376811594
Utah St.,Missouri,0.6666666666666666
Utah St.,West Virginia,0.7892156862745098
Utah St.,Boise St.,0.7009803921568628
Utah St.,Stanford,0.7892156862745098
Utah St.,Florida St.,0.5507246376811594
Utah St.,Belmont,0.8398692810457516
Utah St.,Miami (OH),0.8398692810457516
Utah St.,Northwestern,0.5632992327365729
Utah St.,Yale,0.8676470588235294
Utah St.,Wake Forest,0.7892156862745098
Utah St.,California,0.8398692810457516
Kentucky,Saint Louis,0.7766410912190963
Kentucky,Ohio St.,0.3412698412698412
Kentucky,UCLA,0.40293485676287105
Kentucky,Miami (FL),0.7326797385620916
Kentucky,Georgia,0.7326797385620916
Kentucky,Clemson,0.5067632850241546
Kentucky,Villanova,0.7326797385620916
Kentucky,SMU,0.6666666666666666
Kentucky,TCU,0.7766410912190963
Kentucky,Auburn,0.5289855072463768
Kentucky,Santa Clara,0.5067632850241546
Kentucky,Indiana,0.48571428571428577
Kentucky,Texas,0.6666666666666666
Kentucky,Texas A&M,0.5067632850241546
Kentucky,VCU,0.7892156862745098
Kentucky,San Diego St.,0.6444444444444445
Kentucky,New Mexico,0.7892156862745098
Kentucky,Oklahoma,0.5067632850241546
Kentucky,Cincinnati,0.3829365079365079
Kentucky,Tulsa,0.7892156862745098
Kentucky,Baylor,0.5289855072463768
Kentucky,UCF,0.8398692810457516
Kentucky,Akron,0.7892156862745098
Kentucky,Seton Hall,0.7892156862745098
Kentucky,Virginia Tech,0.7892156862745098
Kentucky,Washington,0.5507246376811594
Kentucky,Missouri,0.7766410912190963
Kentucky,West Virginia,0.7892156862745098
Kentucky,Boise St.,0.7892156862745098
Kentucky,Stanford,0.7892156862745098
Kentucky,Florida St.,0.7766410912190963
Kentucky,Belmont,0.8398692810457516
Kentucky,Miami (OH),0.7892156862745098
Kentucky,Northwestern,0.7892156862745098
Kentucky,Yale,0.8398692810457516
Kentucky,Wake Forest,0.7892156862745098
Kentucky,California,0.8398692810457516
Saint Louis,Ohio St.,0.21164021164021166
Saint Louis,UCLA,0.21164021164021166
Saint Louis,Miami (FL),0.36231884057971014
Saint Louis,Georgia,0.3756439884486775
Saint Louis,Clemson,0.3412698412698412
Saint Louis,Villanova,0.36231884057971014
Saint Louis,SMU,0.5
Saint Louis,TCU,0.5067632850241546
Saint Louis,Auburn,0.3829365079365079
Saint Louis,Santa Clara,0.3412698412698412
Saint Louis,Indiana,0.3412698412698412
Saint Louis,Texas,0.4484859156998416
Saint Louis,Texas A&M,0.36376393019490855
Saint Louis,VCU,0.7326797385620916
Saint Louis,San Diego St.,0.36819882322859937
Saint Louis,New Mexico,0.5067632850241546
Saint Louis,Oklahoma,0.3412698412698412
Saint Louis,Cincinnati,0.20833333333333334
Saint Louis,Tulsa,0.7892156862745098
Saint Louis,Baylor,0.48571428571428577
Saint Louis,UCF,0.7549019607843137
Saint Louis,Akron,0.7892156862745098
Saint Louis,Seton Hall,0.5067632850241546
Saint Louis,Virginia Tech,0.5067632850241546
Saint Louis,Washington,0.48571428571428577
Saint Louis,Missouri,0.5067632850241546
Saint Louis,West Virginia,0.5289855072463768
Saint Louis,Boise St.,0.5067632850241546
Saint Louis,Stanford,0.5289855072463768
Saint Louis,Florida St.,0.5067632850241546
Saint Louis,Belmont,0.8398692810457516
Saint Louis,Miami (OH),0.8676470588235294
Saint Louis,Northwestern,0.5289855072463768
Saint Louis,Yale,0.8676470588235294
Saint Louis,Wake Forest,0.5289855072463768
Saint Louis,California,0.7766410912190963
Ohio St.,UCLA,0.7326797385620916
Ohio St.,Miami (FL),0.8272946859903382
Ohio St.,Georgia,0.8388888888888889
Ohio St.,Clemson,0.7549019607843137
Ohio St.,Villanova,0.8272946859903382
Ohio St.,SMU,0.7083333333333334
Ohio St.,TCU,0.8676470588235294
Ohio St.,Auburn,0.7892156862745098
Ohio St.,Santa Clara,0.7549019607843137
Ohio St.,Indiana,0.6666666666666666
Ohio St.,Texas,0.8398692810457516
Ohio St.,Texas A&M,0.8388888888888889
Ohio St.,VCU,0.8676470588235294
Ohio St.,San Diego St.,0.8388888888888889
Ohio St.,New Mexico,0.8676470588235294
Ohio St.,Oklahoma,0.7766410912190963
Ohio St.,Cincinnati,0.5289855072463768
Ohio St.,Tulsa,0.8676470588235294
Ohio St.,Baylor,0.7892156862745098
Ohio St.,UCF,0.8676470588235294
Ohio St.,Akron,0.8398692810457516
Ohio St.,Seton Hall,0.8676470588235294
Ohio St.,Virginia Tech,0.8398692810457516
Ohio St.,Washington,0.7892156862745098
Ohio St.,Missouri,0.8398692810457516
Ohio St.,West Virginia,0.8398692810457516
Ohio St.,Boise St.,0.8398692810457516
Ohio St.,Stanford,0.8676470588235294
Ohio St.,Florida St.,0.8398692810457516
Ohio St.,Belmont,0.8676470588235294
Ohio St.,Miami (OH),0.8676470588235294
Ohio St.,Northwestern,0.8398692810457516
Ohio St.,Yale,0.8676470588235294
Ohio St.,Wake Forest,0.8676470588235294
Ohio St.,California,0.8676470588235294
UCLA,Miami (FL),0.7549019607843137
UCLA,Georgia,0.8272946859903382
UCLA,Clemson,0.7326797385620916
UCLA,Villanova,0.7549019607843137
UCLA,SMU,0.6666666666666666
UCLA,TCU,0.8398692810457516
UCLA,Auburn,0.7000000000000001
UCLA,Santa Clara,0.7372428244991219
UCLA,Indiana,0.5067632850241546
UCLA,Texas,0.7766410912190963
UCLA,Texas A&M,0.7766410912190963
UCLA,VCU,0.8398692810457516
UCLA,San Diego St.,0.7549019607843137
UCLA,New Mexico,0.8398692810457516
UCLA,Oklahoma,0.5289855072463768
UCLA,Cincinnati,0.48571428571428577
UCLA,Tulsa,0.8398692810457516
UCLA,Baylor,0.7892156862745098
UCLA,UCF,0.8676470588235294
UCLA,Akron,0.8398692810457516
UCLA,Seton Hall,0.8398692810457516
UCLA,Virginia Tech,0.8398692810457516
UCLA,Washington,0.7892156862745098
UCLA,Missouri,0.7892156862745098
UCLA,West Virginia,0.8398692810457516
UCLA,Boise St.,0.7892156862745098
UCLA,Stanford,0.8398692810457516
UCLA,Florida St.,0.7892156862745098
UCLA,Belmont,0.8676470588235294
UCLA,Miami (OH),0.8676470588235294
UCLA,Northwestern,0.7892156862745098
UCLA,Yale,0.8676470588235294
UCLA,Wake Forest,0.8398692810457516
UCLA,California,0.8676470588235294
Miami (FL),Georgia,0.5067632850241546
Miami (FL),Clemson,0.3829365079365079
Miami (FL),Villanova,0.5067632850241546
Miami (FL),SMU,0.6666666666666666
Miami (FL),TCU,0.7549019607843137
Miami (FL),Auburn,0.48571428571428577
Miami (FL),Santa Clara,0.4039855072463768
Miami (FL),Indiana,0.3829365079365079
Miami (FL),Texas,0.5067632850241546
Miami (FL),Texas A&M,0.5067632850241546
Miami (FL),VCU,0.7766410912190963
Miami (FL),San Diego St.,0.5067632850241546
Miami (FL),New Mexico,0.7766410912190963
Miami (FL),Oklahoma,0.48571428571428577
Miami (FL),Cincinnati,0.3412698412698412
Miami (FL),Tulsa,0.7892156862745098
Miami (FL),Baylor,0.5067632850241546
Miami (FL),UCF,0.8398692810457516
Miami (FL),Akron,0.7892156862745098
Miami (FL),Seton Hall,0.7766410912190963
Miami (FL),Virginia Tech,0.5507246376811594
Miami (FL),Washington,0.5289855072463768
Miami (FL),Missouri,0.5289855072463768
Miami (FL),West Virginia,0.5632992327365729
Miami (FL),Boise St.,0.5507246376811594
Miami (FL),Stanford,0.788235294117647
Miami (FL),Florida St.,0.5289855072463768
Miami (FL),Belmont,0.8398692810457516
Miami (FL),Miami (OH),0.8398692810457516
Miami (FL),Northwestern,0.5623188405797102
Miami (FL),Yale,0.8398692810457516
Miami (FL),Wake Forest,0.7892156862745098
Miami (FL),California,0.8398692810457516
Georgia,Clemson,0.4039855072463768
Georgia,Villanova,0.5067632850241546
Georgia,SMU,0.6388888888888888
Georgia,TCU,0.7549019607843137
Georgia,Auburn,0.48571428571428577
Georgia,Santa Clara,0.3829365079365079
Georgia,Indiana,0.3829365079365079
Georgia,Texas,0.5067632850241546
Georgia,Texas A&M,0.5067632850241546
Georgia,VCU,0.7766410912190963
Georgia,San Diego St.,0.5067632850241546
Georgia,New Mexico,0.7766410912190963
Georgia,Oklahoma,0.48571428571428577
Georgia,Cincinnati,0.3408008343866174
Georgia,Tulsa,0.7892156862745098
Georgia,Baylor,0.5067632850241546
Georgia,UCF,0.8384754028585447
Georgia,Akron,0.7892156862745098
Georgia,Seton Hall,0.7766410912190963
Georgia,Virginia Tech,0.5507246376811594
Georgia,Washington,0.5289855072463768
Georgia,Missouri,0.5067632850241546
Georgia,West Virginia,0.7009803921568628
Georgia,Boise St.,0.5507246376811594
Georgia,Stanford,0.7794585861035692
Georgia,Florida St.,0.5289855072463768
Georgia,Belmont,0.8398692810457516
Georgia,Miami (OH),0.7892156862745098
Georgia,Northwestern,0.5548562819345988
Georgia,Yale,0.8398692810457516
Georgia,Wake Forest,0.7892156862745098
Georgia,California,0.8398692810457516
Clemson,Villanova,0.7326797385620916
Clemson,SMU,0.6666666666666666
Clemson,TCU,0.8272946859903382
Clemson,Auburn,0.5289855072463768
Clemson,Santa Clara,0.5067632850241546
Clemson,Indiana,0.5067632850241546
Clemson,Texas,0.7549019607843137
Clemson,Texas A&M,0.7326797385620916
Clemson,VCU,0.8398692810457516
Clemson,San Diego St.,0.7326797385620916
Clemson,New Mexico,0.8398692810457516
Clemson,Oklahoma,0.5067632850241546
Clemson,Cincinnati,0.3829365079365079
Clemson,Tulsa,0.8398692810457516
Clemson,Baylor,0.5289855072463768
Clemson,UCF,0.8676470588235294
Clemson,Akron,0.7892156862745098
Clemson,Seton Hall,0.8398692810457516
Clemson,Virginia Tech,0.7892156862745098
Clemson,Washington,0.5507246376811594
Clemson,Missouri,0.7766410912190963
Clemson,West Virginia,0.7892156862745098
Clemson,Boise St.,0.7892156862745098
Clemson,Stanford,0.8398692810457516
Clemson,Florida St.,0.7766410912190963
Clemson,Belmont,0.8676470588235294
Clemson,Miami (OH),0.8398692810457516
Clemson,Northwestern,0.7892156862745098
Clemson,Yale,0.8676470588235294
Clemson,Wake Forest,0.8371711338959312
Clemson,California,0.8676470588235294
Villanova,SMU,0.6666666666666666
Villanova,TCU,0.7549019607843137
Villanova,Auburn,0.48571428571428577
Villanova,Santa Clara,0.4039855072463768
Villanova,Indiana,0.3829365079365079
Villanova,Texas,0.5067632850241546
Villanova,Texas A&M,0.5067632850241546
Villanova,VCU,0.7766410912190963
Villanova,San Diego St.,0.5067632850241546
Villanova,New Mexico,0.7766410912190963
Villanova,Oklahoma,0.48571428571428577
Villanova,Cincinnati,0.3412698412698412
Villanova,Tulsa,0.7892156862745098
Villanova,Baylor,0.5067632850241546
Villanova,UCF,0.8398692810457516
Villanova,Akron,0.7892156862745098
Villanova,Seton Hall,0.7766410912190963
Villanova,Virginia Tech,0.7054425613261556
Villanova,Washington,0.5289855072463768
Villanova,Missouri,0.5289855072463768
Villanova,West Virginia,0.7009803921568628
Villanova,Boise St.,0.5507246376811594
Villanova,Stanford,0.788235294117647
Villanova,Florida St.,0.5289855072463768
Villanova,Belmont,0.8398692810457516
Villanova,Miami (OH),0.7892156862745098
Villanova,Northwestern,0.5623188405797102
Villanova,Yale,0.8398692810457516
Villanova,Wake Forest,0.7892156862745098
Villanova,California,0.8398692810457516
SMU,TCU,0.7549019607843137
SMU,Auburn,0.5067632850241546
SMU,Santa Clara,0.37398184047276845
SMU,Indiana,0.34267730744289665
SMU,Texas,0.5067632850241546
SMU,Texas A&M,0.6444444444444445
SMU,VCU,0.7549019607843137
SMU,San Diego St.,0.5067632850241546
SMU,New Mexico,0.7675764501716795
SMU,Oklahoma,0.5067632850241546
SMU,Cincinnati,0.3412698412698412
SMU,Tulsa,0.7892156862745098
SMU,Baylor,0.5067632850241546
SMU,UCF,0.8272946859903382
SMU,Akron,0.7892156862745098
SMU,Seton Hall,0.7766410912190963
SMU,Virginia Tech,0.7549019607843137
SMU,Washington,0.5067632850241546
SMU,Missouri,0.7326797385620916
SMU,West Virginia,0.7766410912190963
SMU,Boise St.,0.7549019607843137
SMU,Stanford,0.7766410912190963
SMU,Florida St.,0.7326797385620916
SMU,Belmont,0.8398692810457516
SMU,Miami (OH),0.8398692810457516
SMU,Northwestern,0.7766410912190963
SMU,Yale,0.8676470588235294
SMU,Wake Forest,0.788235294117647
SMU,California,0.8398692810457516
TCU,Auburn,0.3829365079365079
TCU,Santa Clara,0.3412698412698412
TCU,Indiana,0.3412698412698412
TCU,Texas,0.3829365079365079
TCU,Texas A&M,0.3412698412698412
TCU,VCU,0.5067632850241546
TCU,San Diego St.,0.3412698412698412
TCU,New Mexico,0.5067632850241546
TCU,Oklahoma,0.3412698412698412
TCU,Cincinnati,0.20688663900326656
TCU,Tulsa,0.5617317574072872
TCU,Baylor,0.3829365079365079
TCU,UCF,0.7326797385620916
TCU,Akron,0.5632992327365729
TCU,Seton Hall,0.5067632850241546
TCU,Virginia Tech,0.5067632850241546
TCU,Washington,0.48571428571428577
TCU,Missouri,0.46339497515987244
TCU,West Virginia,0.5067632850241546
TCU,Boise St.,0.5067632850241546
TCU,Stanford,0.5067632850241546
TCU,Florida St.,0.48571428571428577
TCU,Belmont,0.7892156862745098
TCU,Miami (OH),0.7892156862745098
TCU,Northwestern,0.48571428571428577
TCU,Yale,0.7892156862745098
TCU,Wake Forest,0.5289855072463768
TCU,California,0.7549019607843137
Auburn,Santa Clara,0.4017201534543437
Auburn,Indiana,0.3653449682485655
Auburn,Texas,0.6444444444444445
Auburn,Texas A&M,0.7326797385620916
Auburn,VCU,0.7766410912190963
Auburn,San Diego St.,0.5067632850241546
Auburn,New Mexico,0.7766410912190963
Auburn,Oklahoma,0.5067632850241546
Auburn,Cincinnati,0.3412698412698412
Auburn,Tulsa,0.7892156862745098
Auburn,Baylor,0.5067632850241546
Auburn,UCF,0.8550724637681159
Auburn,Akron,0.7892156862745098
Auburn,Seton Hall,0.7766410912190963
Auburn,Virginia Tech,0.7549019607843137
Auburn,Washington,0.5289855072463768
Auburn,Missouri,0.7326797385620916
Auburn,West Virginia,0.7766410912190963
Auburn,Boise St.,0.7766410912190963
Auburn,Stanford,0.7935931359258452
Auburn,Florida St.,0.7549019607843137
Auburn,Belmont,0.8398692810457516
Auburn,Miami (OH),0.7892156862745098
Auburn,Northwestern,0.7766410912190963
Auburn,Yale,0.8398692810457516
Auburn,Wake Forest,0.7892156862745098
Auburn,California,0.8398692810457516
Santa Clara,Indiana,0.5067632850241546
Santa Clara,Texas,0.7549019607843137
Santa Clara,Texas A&M,0.7326797385620916
Santa Clara,VCU,0.8398692810457516
Santa Clara,San Diego St.,0.7326797385620916
Santa Clara,New Mexico,0.8398692810457516
Santa Clara,Oklahoma,0.5067632850241546
Santa Clara,Cincinnati,0.3829365079365079
Santa Clara,Tulsa,0.8398692810457516
Santa Clara,Baylor,0.5289855072463768
Santa Clara,UCF,0.8676470588235294
Santa Clara,Akron,0.8398692810457516
Santa Clara,Seton Hall,0.8398692810457516
Santa Clara,Virginia Tech,0.7892156862745098
Santa Clara,Washington,0.5507246376811594
Santa Clara,Missouri,0.7710685226035568
Santa Clara,West Virginia,0.7892156862745098
Santa Clara,Boise St.,0.7892156862745098
Santa Clara,Stanford,0.8398692810457516
Santa Clara,Florida St.,0.7766410912190963
Santa Clara,Belmont,0.8676470588235294
Santa Clara,Miami (OH),0.8676470588235294
Santa Clara,Northwestern,0.7892156862745098
Santa Clara,Yale,0.8676470588235294
Santa Clara,Wake Forest,0.7892156862745098
Santa Clara,California,0.8676470588235294
Indiana,Texas,0.7549019607843137
Indiana,Texas A&M,0.7576173403798574
Indiana,VCU,0.8676470588235294
Indiana,San Diego St.,0.7549019607843137
Indiana,New Mexico,0.8398692810457516
Indiana,Oklahoma,0.7326797385620916
Indiana,Cincinnati,0.3829365079365079
Indiana,Tulsa,0.8676470588235294
Indiana,Baylor,0.7549019607843137
Indiana,UCF,0.8676470588235294
Indiana,Akron,0.8398692810457516
Indiana,Seton Hall,0.8398692810457516
Indiana,Virginia Tech,0.8398692810457516
Indiana,Washington,0.7766410912190963
Indiana,Missouri,0.8055555555555555
Indiana,West Virginia,0.8398692810457516
Indiana,Boise St.,0.8398692810457516
Indiana,Stanford,0.8676470588235294
Indiana,Florida St.,0.8272946859903382
Indiana,Belmont,0.8676470588235294
Indiana,Miami (OH),0.8676470588235294
Indiana,Northwestern,0.8398692810457516
Indiana,Yale,0.8676470588235294
Indiana,Wake Forest,0.8676470588235294
Indiana,California,0.8676470588235294
Texas,Texas A&M,0.4039855072463768
Texas,VCU,0.7549019607843137
Texas,San Diego St.,0.5067632850241546
Texas,New Mexico,0.7549019607843137
Texas,Oklahoma,0.4039855072463768
Texas,Cincinnati,0.2944909662498835
Texas,Tulsa,0.7892156862745098
Texas,Baylor,0.5067632850241546
Texas,UCF,0.8055555555555555
Texas,Akron,0.7892156862745098
Texas,Seton Hall,0.7549019607843137
Texas,Virginia Tech,0.7326797385620916
Texas,Washington,0.5067632850241546
Texas,Missouri,0.6444444444444445
Texas,West Virginia,0.7549019607843137
Texas,Boise St.,0.6666666666666666
Texas,Stanford,0.7549019607843137
Texas,Florida St.,0.5067632850241546
Texas,Belmont,0.8398692810457516
Texas,Miami (OH),0.8398692810457516
Texas,Northwestern,0.5289855072463768
Texas,Yale,0.8676470588235294
Texas,Wake Forest,0.7766410912190963
Texas,California,0.8388888888888889
Texas A&M,VCU,0.7766410912190963
Texas A&M,San Diego St.,0.5067632850241546
Texas A&M,New Mexico,0.7766410912190963
Texas A&M,Oklahoma,0.5067632850241546
Texas A&M,Cincinnati,0.3412698412698412
Texas A&M,Tulsa,0.7892156862745098
Texas A&M,Baylor,0.5067632850241546
Texas A&M,UCF,0.8317865811511972
Texas A&M,Akron,0.7892156862745098
Texas A&M,Seton Hall,0.7766410912190963
Texas A&M,Virginia Tech,0.7760268082193051
Texas A&M,Washington,0.5289855072463768
Texas A&M,Missouri,0.6444444444444445
Texas A&M,West Virginia,0.788235294117647
Texas A&M,Boise St.,0.5507246376811594
Texas A&M,Stanford,0.7766410912190963
Texas A&M,Florida St.,0.5289855072463768
Texas A&M,Belmont,0.8398692810457516
Texas A&M,Miami (OH),0.8398692810457516
Texas A&M,Northwestern,0.5507246376811594
Texas A&M,Yale,0.8398692810457516
Texas A&M,Wake Forest,0.7892156862745098
Texas A&M,California,0.8398692810457516
VCU,San Diego St.,0.3412698412698412
VCU,New Mexico,0.5067632850241546
VCU,Oklahoma,0.3412698412698412
VCU,Cincinnati,0.20370370370370372
VCU,Tulsa,0.7766410912190963
VCU,Baylor,0.37754052082437034
VCU,UCF,0.7326797385620916
VCU,Akron,0.7004780717141026
VCU,Seton Hall,0.5067632850241546
VCU,Virginia Tech,0.5067632850241546
VCU,Washington,0.3829365079365079
VCU,Missouri,0.37828353192065195
VCU,West Virginia,0.5067632850241546
VCU,Boise St.,0.48571428571428577
VCU,Stanford,0.5067632850241546
VCU,Florida St.,0.3829365079365079
VCU,Belmont,0.7892156862745098
VCU,Miami (OH),0.8398692810457516
VCU,Northwestern,0.48571428571428577
VCU,Yale,0.8398692810457516
VCU,Wake Forest,0.5067632850241546
VCU,California,0.7549019607843137
San Diego St.,New Mexico,0.7549019607843137
San Diego St.,Oklahoma,0.5067632850241546
San Diego St.,Cincinnati,0.3412698412698412
San Diego St.,Tulsa,0.8398692810457516
San Diego St.,Baylor,0.5067632850241546
San Diego St.,UCF,0.8272946859903382
San Diego St.,Akron,0.7892156862745098
San Diego St.,Seton Hall,0.7554152744722872
San Diego St.,Virginia Tech,0.7549019607843137
San Diego St.,Washington,0.5067632850241546
San Diego St.,Missouri,0.7326797385620916
San Diego St.,West Virginia,0.7766410912190963
San Diego St.,Boise St.,0.7549019607843137
San Diego St.,Stanford,0.7766410912190963
San Diego St.,Florida St.,0.6444444444444445
San Diego St.,Belmont,0.8398692810457516
San Diego St.,Miami (OH),0.8398692810457516
San Diego St.,Northwestern,0.6884057971014492
San Diego St.,Yale,0.8676470588235294
San Diego St.,Wake Forest,0.7766410912190963
San Diego St.,California,0.8398692810457516
New Mexico,Oklahoma,0.3412698412698412
New Mexico,Cincinnati,0.20370370370370372
New Mexico,Tulsa,0.7766410912190963
New Mexico,Baylor,0.3636975882884426
New Mexico,UCF,0.7326797385620916
New Mexico,Akron,0.5632992327365729
New Mexico,Seton Hall,0.5067632850241546
New Mexico,Virginia Tech,0.5067632850241546
New Mexico,Washington,0.3829365079365079
New Mexico,Missouri,0.37634183820938816
New Mexico,West Virginia,0.5067632850241546
New Mexico,Boise St.,0.5067632850241546
New Mexico,Stanford,0.5067632850241546
New Mexico,Florida St.,0.4039855072463768
New Mexico,Belmont,0.7892156862745098
New Mexico,Miami (OH),0.8398692810457516
New Mexico,Northwestern,0.5067632850241546
New Mexico,Yale,0.8398692810457516
New Mexico,Wake Forest,0.5067632850241546
New Mexico,California,0.7549019607843137
Oklahoma,Cincinnati,0.3412698412698412
Oklahoma,Tulsa,0.8398692810457516
Oklahoma,Baylor,0.6444444444444445
Oklahoma,UCF,0.8666666666666667
Oklahoma,Akron,0.7892156862745098
Oklahoma,Seton Hall,0.8388888888888889
Oklahoma,Virginia Tech,0.7809710400446744
Oklahoma,Washington,0.7549019607843137
Oklahoma,Missouri,0.7326797385620916
Oklahoma,West Virginia,0.7892156862745098
Oklahoma,Boise St.,0.7766410912190963
Oklahoma,Stanford,0.8396379564607678
Oklahoma,Florida St.,0.7549019607843137
Oklahoma,Belmont,0.8676470588235294
Oklahoma,Miami (OH),0.8676470588235294
Oklahoma,Northwestern,0.788235294117647
Oklahoma,Yale,0.8676470588235294
Oklahoma,Wake Forest,0.8398692810457516
Oklahoma,California,0.8676470588235294
Cincinnati,Tulsa,0.8676470588235294
Cincinnati,Baylor,0.8272946859903382
Cincinnati,UCF,0.8676470588235294
Cincinnati,Akron,0.8676470588235294
Cincinnati,Seton Hall,0.8676470588235294
Cincinnati,Virginia Tech,0.8676470588235294
Cincinnati,Washington,0.8398692810457516
Cincinnati,Missouri,0.8550724637681159
Cincinnati,West Virginia,0.8676470588235294
Cincinnati,Boise St.,0.8676470588235294
Cincinnati,Stanford,0.8676470588235294
Cincinnati,Florida St.,0.8398692810457516
Cincinnati,Belmont,0.8676470588235294
Cincinnati,Miami (OH),0.8676470588235294
Cincinnati,Northwestern,0.8398692810457516
Cincinnati,Yale,0.8676470588235294
Cincinnati,Wake Forest,0.8676470588235294
Cincinnati,California,0.8676470588235294
Tulsa,Baylor,0.213009041021519
Tulsa,UCF,0.36231884057971014
Tulsa,Akron,0.5067632850241546
Tulsa,Seton Hall,0.3412698412698412
Tulsa,Virginia Tech,0.3412698412698412
Tulsa,Washington,0.21626984126984128
Tulsa,Missouri,0.21164021164021166
Tulsa,West Virginia,0.3412698412698412
Tulsa,Boise St.,0.3412698412698412
Tulsa,Stanford,0.3412698412698412
Tulsa,Florida St.,0.275659480362809
Tulsa,Belmont,0.7326797385620916
Tulsa,Miami (OH),0.8398692810457516
Tulsa,Northwestern,0.3412698412698412
Tulsa,Yale,0.7766410912190963
Tulsa,Wake Forest,0.3829365079365079
Tulsa,California,0.4039855072463768
Baylor,UCF,0.8333333333333334
Baylor,Akron,0.7892156862745098
Baylor,Seton Hall,0.7549019607843137
Baylor,Virginia Tech,0.7326797385620916
Baylor,Washington,0.5067632850241546
Baylor,Missouri,0.7326797385620916
Baylor,West Virginia,0.7549019607843137
Baylor,Boise St.,0.7326797385620916
Baylor,Stanford,0.8055555555555555
Baylor,Florida St.,0.7326797385620916
Baylor,Belmont,0.8398692810457516
Baylor,Miami (OH),0.8398692810457516
Baylor,Northwestern,0.7549019607843137
Baylor,Yale,0.8676470588235294
Baylor,Wake Forest,0.7766410912190963
Baylor,California,0.8388888888888889
UCF,Akron,0.5296756383712905
UCF,Seton Hall,0.48571428571428577
UCF,Virginia Tech,0.3829365079365079
UCF,Washington,0.3567109043118393
UCF,Missouri,0.3412698412698412
UCF,West Virginia,0.48571428571428577
UCF,Boise St.,0.48571428571428577
UCF,Stanford,0.5067632850241546
UCF,Florida St.,0.35818480352267007
UCF,Belmont,0.5623188405797102
UCF,Miami (OH),0.5632992327365729
UCF,Northwestern,0.48571428571428577
UCF,Yale,0.5632992327365729
UCF,Wake Forest,0.48571428571428577
UCF,California,0.5067632850241546
Akron,Seton Hall,0.3017599868005105
Akron,Virginia Tech,0.21626984126984128
Akron,Washington,0.20370370370370372
Akron,Missouri,0.21164021164021166
Akron,West Virginia,0.3412698412698412
Akron,Boise St.,0.3338528922242852
Akron,Stanford,0.3412698412698412
Akron,Florida St.,0.21164021164021166
Akron,Belmont,0.7326797385620916
Akron,Miami (OH),0.8272946859903382
Akron,Northwestern,0.3333333333333333
Akron,Yale,0.7549019607843137
Akron,Wake Forest,0.3412698412698412
Akron,California,0.3885941008431552
Seton Hall,Virginia Tech,0.5067632850241546
Seton Hall,Washington,0.3829365079365079
Seton Hall,Missouri,0.376045374020802
Seton Hall,West Virginia,0.5067632850241546
Seton Hall,Boise St.,0.5067632850241546
Seton Hall,Stanford,0.5067632850241546
Seton Hall,Florida St.,0.4039855072463768
Seton Hall,Belmont,0.7892156862745098
Seton Hall,Miami (OH),0.7892156862745098
Seton Hall,Northwestern,0.5067632850241546
Seton Hall,Yale,0.7892156862745098
Seton Hall,Wake Forest,0.5067632850241546
Seton Hall,California,0.7326797385620916
Virginia Tech,Washington,0.3829365079365079
Virginia Tech,Missouri,0.4039855072463768
Virginia Tech,West Virginia,0.5067632850241546
Virginia Tech,Boise St.,0.5067632850241546
Virginia Tech,Stanford,0.7326797385620916
Virginia Tech,Florida St.,0.4280233902872534
Virginia Tech,Belmont,0.7892156862745098
Virginia Tech,Miami (OH),0.7892156862745098
Virginia Tech,Northwestern,0.5067632850241546
Virginia Tech,Yale,0.8398692810457516
Virginia Tech,Wake Forest,0.6444444444444445
Virginia Tech,California,0.7549019607843137
Washington,Missouri,0.7326797385620916
Washington,West Virginia,0.7367971174032775
Washington,Boise St.,0.7326797385620916
Washington,Stanford,0.7549019607843137
Washington,Florida St.,0.7326797385620916
Washington,Belmont,0.8398692810457516
Washington,Miami (OH),0.8398692810457516
Washington,Northwestern,0.7326797385620916
Washington,Yale,0.8398692810457516
Washington,Wake Forest,0.7549019607843137
Washington,California,0.8272946859903382
Missouri,West Virginia,0.5289855072463768
Missouri,Boise St.,0.5067632850241546
Missouri,Stanford,0.7549019607843137
Missouri,Florida St.,0.5067632850241546
Missouri,Belmont,0.8398692810457516
Missouri,Miami (OH),0.7892156862745098
Missouri,Northwestern,0.5289855072463768
Missouri,Yale,0.8398692810457516
Missouri,Wake Forest,0.7766410912190963
Missouri,California,0.8012367965774851
West Virginia,Boise St.,0.5067632850241546
West Virginia,Stanford,0.7326797385620916
West Virginia,Florida St.,0.4039855072463768
West Virginia,Belmont,0.8398692810457516
West Virginia,Miami (OH),0.7892156862745098
West Virginia,Northwestern,0.5067632850241546
West Virginia,Yale,0.8398692810457516
West Virginia,Wake Forest,0.7326797385620916
West Virginia,California,0.7326797385620916
Boise St.,Stanford,0.7326797385620916
Boise St.,Florida St.,0.4039855072463768
Boise St.,Belmont,0.8398692810457516
Boise St.,Miami (OH),0.8398692810457516
Boise St.,Northwestern,0.5067632850241546
Boise St.,Yale,0.8398692810457516
Boise St.,Wake Forest,0.7326797385620916
Boise St.,California,0.8055555555555555
Stanford,Florida St.,0.38744122522434604
Stanford,Belmont,0.7892156862745098
Stanford,Miami (OH),0.7892156862745098
Stanford,Northwestern,0.5067632850241546
Stanford,Yale,0.7892156862745098
Stanford,Wake Forest,0.5067632850241546
Stanford,California,0.7326797385620916
Florida St.,Belmont,0.8398692810457516
Florida St.,Miami (OH),0.8398692810457516
Florida St.,Northwestern,0.5067632850241546
Florida St.,Yale,0.8398692810457516
Florida St.,Wake Forest,0.7549019607843137
Florida St.,California,0.8272946859903382
Belmont,Miami (OH),0.7766410912190963
Belmont,Northwestern,0.20833333333333334
Belmont,Yale,0.7549019607843137
Belmont,Wake Forest,0.3412698412698412
Belmont,California,0.3412698412698412
Miami (OH),Northwestern,0.20370370370370372
Miami (OH),Yale,0.5067632850241546
Miami (OH),Wake Forest,0.20370370370370372
Miami (OH),California,0.20640714115113176
Northwestern,Yale,0.8398692810457516
Northwestern,Wake Forest,0.7326797385620916
Northwestern,California,0.7833333333333333
Yale,Wake Forest,0.20370370370370372
Yale,California,0.21626984126984128
Wake Forest,California,0.7326797385620916
